text,input_language,output_language
Bamboo is very thick and strong.,english,nepali
बाँस एकदम बाक्लो र बलियो हुन्छ।,nepali,english
Bamboo is very thick and strong.,english,maithili
बाँस एकदम मोटा आ मजबूत होइत छै।,maithili,english
"Because of lack of money, he couldn't use pesticide on time.",english,nepali
पैसाको अभावले गर्दा उसले समयमा कीटनाशक प्रयोग गर्न सकेन।,nepali,english
"Because of lack of money, he couldn't use pesticide on time.",english,maithili
पैसाक कमीक कारण ओ समय पर कीटनाशक प्रयोग नहि क' सकल।,maithili,english
Hem Singh Pruthi was a very famous agricultural scientist.,english,nepali
हेम सिंह प्रुथी धेरै प्रसिद्ध कृषि वैज्ञानिक थिए।,nepali,english
Hem Singh Pruthi was a very famous agricultural scientist.,english,maithili
हेम सिंह प्रुथी बहुत प्रसिद्ध कृषि वैज्ञानिक छलाह।,maithili,english
Artificial insemination was used to increase the number of sheep.,english,nepali
भेडाको संख्या बढाउन कृत्रिम गर्भाधानको सहायता लिइयो।,nepali,english
Artificial insemination was used to increase the number of sheep.,english,maithili
भेड़क संख्या बढ़ाब'क लेल कृत्रिम गर्भाधानक सहायता लेल गेल।,maithili,english
Fruit fiber is beneficial for human health.,english,nepali
फलको रेशा मान्छेको स्वास्थ्यको लागि लाभदायक हुन्छ।,nepali,english
Fruit fiber is beneficial for human health.,english,maithili
फलक रेशा मनुष्यक स्वास्थ्यक लेल लाभदायक होइत छै।,maithili,english
Gold production from mines consumes a lot of water.,english,nepali
खानीबाट प्राप्त सुन उत्पादनमा पानीको खपत धेरै हुन्छ।,nepali,english
Gold production from mines consumes a lot of water.,english,maithili
खानी सँ प्राप्त सोना उत्पादन मे पानीक खपत बहुत होइत छै।,maithili,english
The business grew through drinking water.,english,nepali
पिउने पानीको माध्यमबाट व्यापारमा वृद्धि भयो।,nepali,english
The business grew through drinking water.,english,maithili
पीबाक पानीक माध्यम सँ व्यापार मे वृद्धि भेल।,maithili,english
Plastic is laid to preserve moisture.,english,nepali
चिस्यान बचाउनको लागि प्लास्टिक ओछ्याइन्छ।,nepali,english
Plastic is laid to preserve moisture.,english,maithili
नमहर बचाब'क लेल प्लास्टिक बिछाओल जाइत छै।,maithili,english
"In drip irrigation, water is given to the plants drop by drop.",english,nepali
ड्रिप सिंचाईमा थोपा थोपा पानी बोटमा दिइन्छ।,nepali,english
"In drip irrigation, water is given to the plants drop by drop.",english,maithili
ड्रिप सिंचाई मे थोपा-थोपा पानी गाछ मे देल जाइत छै।,maithili,english
"To stop forest exploitation, protection from deforestation is necessary.",english,nepali
वनको शोषण रोक्न वन विनाशबाट सुरक्षाको लागि आवश्यक छ।,nepali,english
"To stop forest exploitation, protection from deforestation is necessary.",english,maithili
जंगलक शोषण रोक'क लेल वन विनाश सँ सुरक्षाक लेल आवश्यक छै।,maithili,english
Crop harvesting is done in two ways.,english,nepali
बालीको कटाई दुई तरिकाले हुन्छ।,nepali,english
Crop harvesting is done in two ways.,english,maithili
बालीक कटाई दू तरीका सँ होइत छै।,maithili,english
"With the help of some weeds, plant health increases.",english,nepali
केही झारपातको सहायताले बोटको स्वास्थ्यमा वृद्धि हुन्छ।,nepali,english
"With the help of some weeds, plant health increases.",english,maithili
किछु झारपातक सहायता सँ गाछक स्वास्थ्य मे वृद्धि होइत छै।,maithili,english
Rotator is used in areas with less water.,english,nepali
रोटेटरको प्रयोग कम पानी भएको क्षेत्रमा गरिन्छ।,nepali,english
Rotator is used in areas with less water.,english,maithili
रोटेटरक प्रयोग कम पानी वला क्षेत्र मे कएल जाइत छै।,maithili,english
Employment increased in the village from the commercial thread factory.,english,nepali
व्यावसायिक धागो कारखानाबाट गाउँमा रोजगारीको वृद्धि भयो।,nepali,english
Employment increased in the village from the commercial thread factory.,english,maithili
व्यावसायिक धागा कारखाना सँ गाम मे रोजगारक वृद्धि भेल।,maithili,english
"It is a pulp-like substance that is obtained from wood, etc.",english,nepali
यो लुदी जस्तो पदार्थ हो जुन काठ आदिबाट प्राप्त गरिन्छ।,nepali,english
"It is a pulp-like substance that is obtained from wood, etc.",english,maithili
ई लुदी जकाँ पदार्थ छै जे काठ आदि सँ प्राप्त कएल जाइत छै।,maithili,english
The trader displayed natural and artificial pearls.,english,nepali
व्यापारीले प्राकृतिक र कृत्रिम मोतीको प्रदर्शन गरे।,nepali,english
The trader displayed natural and artificial pearls.,english,maithili
व्यापारी प्राकृतिक आ कृत्रिम मोतीक प्रदर्शन केलक।,maithili,english
Many kinds of partridge dishes were available in the market.,english,nepali
बजारमा तित्राका धेरै प्रकारका परिकारहरू उपलब्ध थिए।,nepali,english
Many kinds of partridge dishes were available in the market.,english,maithili
बजार मे तितराक बहुत प्रकारक व्यंजन उपलब्ध छल।,maithili,english
"With the help of this machine, a lot of milk is milked in less time.",english,nepali
यो मेसिनको सहायताले कम समयमा धेरै दूध दुहिन्छ।,nepali,english
"With the help of this machine, a lot of milk is milked in less time.",english,maithili
ई मशीनक सहायता सँ कम समय मे बहुत दूध दुहल जाइत छै।,maithili,english
The future of agricultural machine manufacturers looks good in India.,english,nepali
भारतमा कृषि मेसिन निर्माताको भविष्य राम्रो देखिन्छ।,nepali,english
The future of agricultural machine manufacturers looks good in India.,english,maithili
भारत मे कृषि मशीन निर्माताक भविष्य नीक देखाइत छै।,maithili,english
A special type of cutter is attached to the back of the tractor.,english,nepali
ट्र्याक्टरको पछाडि एउटा विशेष प्रकारको कटर जडान गरिएको हुन्छ।,nepali,english
A special type of cutter is attached to the back of the tractor.,english,maithili
ट्रैक्टरक पाछाँ एकटा विशेष प्रकारक कटर जोड़ल गेल रहैत छै।,maithili,english
"In the village, livestock counting was done for the animals.",english,nepali
गाउँमा पशुहरूको लागि पशुधन गणना गरियो।,nepali,english
"In the village, livestock counting was done for the animals.",english,maithili
गाम मे पशु सभक लेल पशुधन गणना कएल गेल।,maithili,english
"Because of the tea garden, employment increased in the village.",english,nepali
चिया बगानले गर्दा गाउँमा रोजगारी बढ्यो।,nepali,english
"Because of the tea garden, employment increased in the village.",english,maithili
चिया बगानक कारण गाम मे रोजगार बढ़ल।,maithili,english
Domestic sheep are found in almost all states of our country.,english,nepali
घरेलु भेडा हाम्रो देशको लगभग सबै राज्यमा पाइन्छ।,nepali,english
Domestic sheep are found in almost all states of our country.,english,maithili
घरेलू भेड़ हमर देशक लगभग सब राज्य मे भेटाइत छै।,maithili,english
Genetically modified organisms have many physical properties.,english,nepali
आनुवंशिक रूपमा परिवर्तन गरिएका जीवमा धेरै शारीरिक गुण हुन्छ।,nepali,english
Genetically modified organisms have many physical properties.,english,maithili
आनुवंशिक रूप सँ परिवर्तन कएल गेल जीव मे बहुत शारीरिक गुण होइत छै।,maithili,english
This machine is used by food product manufacturers.,english,nepali
यो मेसिन खाद्य उत्पादक निर्माताहरूले प्रयोग गर्छन्।,nepali,english
This machine is used by food product manufacturers.,english,maithili
ई मशीन खाद्य उत्पादक निर्माता सभ प्रयोग करैत छै।,maithili,english
Water wastage was a matter of concern for the government.,english,nepali
पानीको बर्बादी सरकारको लागि चिन्ताको विषय थियो।,nepali,english
Water wastage was a matter of concern for the government.,english,maithili
पानीक बर्बादी सरकारक लेल चिंताक विषय छल।,maithili,english
The construction of the tractor made the work of the farmers easier.,english,nepali
ट्र्याक्टरको निर्माणले किसानहरूको काम सजिलो भयो।,nepali,english
The construction of the tractor made the work of the farmers easier.,english,maithili
ट्रैक्टरक निर्माण सँ किसान सभक काज आसान भ' गेल।,maithili,english
Meat was arranged for the crocodile's meal.,english,nepali
गोहीको भोजनको लागि मासुको व्यवस्था गरियो।,nepali,english
Meat was arranged for the crocodile's meal.,english,maithili
गोहीक भोजनक लेल मांसक व्यवस्था कएल गेल।,maithili,english
"After producing palm fruit, the farmer had to pay off the debt.",english,nepali
ताडको फल उत्पादन गरेपछि कृषकले ऋण तिर्नुपर्यो।,nepali,english
"After producing palm fruit, the farmer had to pay off the debt.",english,maithili
ताड़क फल उत्पादन करलाक बाद कृषक कें ऋण चुकाब' पड़ल।,maithili,english
"Due to lack of rain, there was drought in many places.",english,nepali
वर्षा नभएको कारणले धेरै ठाउँमा खडेरी लाग्यो।,nepali,english
"Due to lack of rain, there was drought in many places.",english,maithili
बरसात नहि भेलाक कारण बहुत जगह सूखा पड़ि गेल।,maithili,english
He bought some land to expand the garden.,english,nepali
बगैंचा विस्तार गर्नको लागि उहाँले केही जग्गा किन्नुभयो।,nepali,english
He bought some land to expand the garden.,english,maithili
बगैचा विस्तार कर'क लेल ओ किछु जमीन किनलनि।,maithili,english
"Farmers get milk, wool, eggs, etc. from animal husbandry.",english,nepali
"पशुपालनबाट कृषकले दूध, ऊन, अण्डा इत्यादि पाउँछन्।",nepali,english
"Farmers get milk, wool, eggs, etc. from animal husbandry.",english,maithili
"पशुपालन सँ कृषक कें दूध, ऊन, अंडा इत्यादि भेटैत छै।",maithili,english
Development happened in the district through the mustard factory.,english,nepali
तोरीको कारखानाको माध्यमबाट जिल्लामा विकास भयो।,nepali,english
Development happened in the district through the mustard factory.,english,maithili
तोरीक कारखानाक माध्यम सँ जिला मे विकास भेल।,maithili,english
Abeer has become very necessary for the construction of copper nets.,english,nepali
तामाको जाल निर्माणको लागि अबीर धेरै आवश्यक भइसक्यो।,nepali,english
Abeer has become very necessary for the construction of copper nets.,english,maithili
तामाक जाल निर्माणक लेल अबीर बहुत आवश्यक भ' गेल।,maithili,english
Goat intestines are used in musical instruments.,english,nepali
बाख्राको आन्द्रा वाद्ययन्त्रमा प्रयोग गरिन्छ।,nepali,english
Goat intestines are used in musical instruments.,english,maithili
बकरीक आंत वाद्ययंत्र मे प्रयोग कएल जाइत छै।,maithili,english
Farming-related festivals are held from time to time in Mithila.,english,nepali
खेती सम्बन्धी चाडपर्वहरू मिथिलामा समय-समयमा भइरहन्छन्।,nepali,english
Farming-related festivals are held from time to time in Mithila.,english,maithili
खेती संबंधी त्योहार मिथिला मे समय-समय पर होइत रहैत छै।,maithili,english
Agricultural robots are a gift of today's changing times.,english,nepali
कृषि रोबोट आजको बदलिँदो समयको देन हो।,nepali,english
Agricultural robots are a gift of today's changing times.,english,maithili
कृषि रोबोट आइ क' बदलैत समयक देन छै।,maithili,english
It is necessary to study written materials on the history of jute.,english,nepali
पटुवाको इतिहासको विषयमा लिखित सामग्रीको अध्ययन आवश्यक छ।,nepali,english
It is necessary to study written materials on the history of jute.,english,maithili
पटुआक इतिहासक विषय मे लिखित सामग्रीक अध्ययन आवश्यक छै।,maithili,english
Tissue culture is being used to speed up the production of timber.,english,nepali
इमारती काठको उत्पादनलाई गति दिन टिस्यु कल्चरको उपयोग गरिँदैछ।,nepali,english
Tissue culture is being used to speed up the production of timber.,english,maithili
इमारती काठक उत्पादन कें गति देब'क लेल टिशू कल्चरक उपयोग कएल जा रहल छै।,maithili,english
There was happiness in the village fair because of the group of animal herders.,english,nepali
पशु चराउनेहरूको समूहको कारण गाउँको मेलामा खुशियाली थियो।,nepali,english
There was happiness in the village fair because of the group of animal herders.,english,maithili
पशु चराब' वला सभक समूहक कारण गामक मेला मे खुशियाली छल।,maithili,english
There are three hundred breeds of goats available in the world.,english,nepali
संसारमा बाख्राको तीन सय प्रकारको नस्लहरू उपलब्ध छ।,nepali,english
There are three hundred breeds of goats available in the world.,english,maithili
संसार मे बकरीक तीन सौ प्रकारक नस्ल उपलब्ध छै।,maithili,english
"Hemp is used for rope, oil, cloth, etc.",english,nepali
"भाङको उपयोग डोरी, तेल, कपडा इत्यादिमा हुन्छ।",nepali,english
"Hemp is used for rope, oil, cloth, etc.",english,maithili
"भांगक उपयोग डोरी, तेल, कपड़ा इत्यादि मे होइत छै।",maithili,english
They were able to choose the best equipment from the advisor's suggestions.,english,nepali
सल्लाहकारको सुझावबाट उनीहरूले उत्तम उपकरणको चुनाव गर्न सके।,nepali,english
They were able to choose the best equipment from the advisor's suggestions.,english,maithili
सलाहकारक सुझाव सँ ओ सभ नीक उपकरणक चुनाव क' सकलाह।,maithili,english
"The main sources of gobraha paper are dung, manure, etc.",english,nepali
"गोबराहा कागजको मुख्य स्रोत गोबर, लिद इत्यादि हुन्छ।",nepali,english
"The main sources of gobraha paper are dung, manure, etc.",english,maithili
"गोबराहा कागजक मुख्य स्रोत गोबर, लिद इत्यादि होइत छै।",maithili,english
The farmer sheared the pashmina goats to get wool.,english,nepali
किसानले केशकर्तन गरेर पश्मिना बाख्राबाट ऊन प्राप्त गरे।,nepali,english
The farmer sheared the pashmina goats to get wool.,english,maithili
किसान केशकर्तन क' क' पश्मिना बकरी सँ ऊन प्राप्त केलक।,maithili,english
Excessive water exploitation occurs in factory areas.,english,nepali
पानीको अत्यधिक दोहन कारखाना भएको क्षेत्रमा हुन्छ।,nepali,english
Excessive water exploitation occurs in factory areas.,english,maithili
पानीक अत्यधिक दोहन कारखाना वला क्षेत्र मे होइत छै।,maithili,english
"Sickles, axes, trowels, etc. are used for harvesting hemp.",english,nepali
"भाङ कटनीको लागि हँसिया, टेंगारी, कुरिहर इत्यादिको उपयोग गरिन्छ।",nepali,english
"Sickles, axes, trowels, etc. are used for harvesting hemp.",english,maithili
"भांग कटनीक लेल हँसिया, टेंगारी, कुरिहर इत्यादिक उपयोग कएल जाइत छै।",maithili,english
Minimum Support Price is called न्यूनतम समर्थन मूल्य in Maithili.,english,nepali
मिनिमम सपोर्ट प्राइसलाई मैथिलीमा न्यूनतम समर्थन मूल्य भनिन्छ।,nepali,english
Minimum Support Price is called न्यूनतम समर्थन मूल्य in Maithili.,english,maithili
मिनिमम सपोर्ट प्राइस कें मैथिली मे न्यूनतम समर्थन मूल्य कहल जाइत छै।,maithili,english
Agriculture is very difficult in the mountains in remote areas.,english,nepali
दुर्गम क्षेत्रमा पहाडमा कृषि कार्य धेरै कठिन हुन्छ।,nepali,english
Agriculture is very difficult in the mountains in remote areas.,english,maithili
दुर्गम क्षेत्र मे पहाड़ पर कृषि काज बहुत कठिन होइत छै।,maithili,english
Pigeon pea seeds are transported to the factory.,english,nepali
रहरको बियाँलाई कारखानासम्म पुर्‍याइन्छ।,nepali,english
Pigeon pea seeds are transported to the factory.,english,maithili
रहरक बीया कें कारखाना तक पहुँचाओल जाइत छै।,maithili,english
Some benefits can be obtained from limited coffee consumption.,english,nepali
कफीको सीमित सेवनबाट केही फाइदा हुन सक्छ।,nepali,english
Some benefits can be obtained from limited coffee consumption.,english,maithili
कफीकेँ सिमित सेवन सँ किछु फायदा भऽ सकैत अछि।,maithili,english
Agricultural materials can be imported and exported through government certificates.,english,nepali
सरकारी प्रमाणपत्रको माध्यमबाट कृषि सामग्रीको आयात निर्यात गर्न सकिन्छ।,nepali,english
Agricultural materials can be imported and exported through government certificates.,english,maithili
सरकारी प्रमाणपत्रक माध्यम सँ कृषि सामग्रीक आयात निर्यात कएल जा सकैत अछि।,maithili,english
Farmers take their animals to the fields to graze.,english,nepali
किसानहरू आफ्नो पशुलाई खेतमा चराउनको लागि लैजान्छन्।,nepali,english
Farmers take their animals to the fields to graze.,english,maithili
किसान अपन पशुकेँ खेतमे चरावे लेल लऽ जाइत छथि।,maithili,english
Market price is determined by supply and demand.,english,nepali
बजार मूल्य माग र आपूर्तिबाट निर्धारण हुन्छ।,nepali,english
Market price is determined by supply and demand.,english,maithili
बजार मूल्य मांग आ आपूर्तिकेँ आधार पर तय होइत छै।,maithili,english
The goods are tied from both sides by placing them in the middle of the nadi.,english,nepali
नादीको बीचमा राखेर दुवैतिरबाट माललाई बाँधिन्छ।,nepali,english
The goods are tied from both sides by placing them in the middle of the nadi.,english,maithili
नादीकेँ बीचमे राखि दुनु तरफ सँ माल बाँधल जाइत छै।,maithili,english
Pure and cool water can be obtained from the well.,english,nepali
इनारबाट शुद्ध र शीतल जल प्राप्त गर्न सकिन्छ।,nepali,english
Pure and cool water can be obtained from the well.,english,maithili
कुआँ सँ शुद्ध आ शीतल जल प्राप्त कएल जा सकैत अछि।,maithili,english
Natural fiber is used for both eating and wearing.,english,nepali
प्राकृतिक रेशा खान र लगाउन दुवैमा उपयोग हुन्छ।,nepali,english
Natural fiber is used for both eating and wearing.,english,maithili
प्राकृतिक रेशा खाए आ पहिरए दुनूमे उपयोग होइत छै।,maithili,english
The milk pipeline should be checked from time to time.,english,nepali
दूधको पाइपलाइनलाई समय समयमा जाँच गरिरहनुपर्छ।,nepali,english
The milk pipeline should be checked from time to time.,english,maithili
दूधकेँ पाइपलाइनकेँ समय-समय पर जाँच करैत रहबाक चाही।,maithili,english
"India ranks first in the cultivation of sapota, lemon, and cashew.",english,nepali
"चीकू, नेमो, काजू यी सबै उपजाउनमा भारतको स्थान पहिलो छ।",nepali,english
"India ranks first in the cultivation of sapota, lemon, and cashew.",english,maithili
"चीकू, नेमो, काजू ई सभ उपजाएमे भारतक स्थान पहिल अछि।",maithili,english
India ranks second in rice cultivation worldwide.,english,nepali
संसारभरि चामल उपजाउनमा भारतको दोस्रो नम्बर छ।,nepali,english
India ranks second in rice cultivation worldwide.,english,maithili
दुनिया भरिमे चावल उपजाएमे भारतक दोसर नंबर अछि।,maithili,english
"During harvest time, crops are cut and grains are collected.",english,nepali
बाली काट्ने बेलामा कुनै पनि बाली काटेर अन्न जम्मा गरिन्छ।,nepali,english
"During harvest time, crops are cut and grains are collected.",english,maithili
बाली काटएकेँ समयमे कोनो बाली काटि अन्न जमा कएल जाइत छै।,maithili,english
"Even in villages, jute farming is not done anymore, that was a natural fiber.",english,nepali
"गाउँघरमा पनि अब जुटको खेती हुँदैन, त्यो प्राकृतिक रेशा थियो।",nepali,english
"Even in villages, jute farming is not done anymore, that was a natural fiber.",english,maithili
"गामघरमे सेहो आब जूटकेँ खेती नइँ होइत छै, ओ प्राकृतिक रेशा छल।",maithili,english
"Turnip is a root vegetable, which is grown in temperate climates.",english,nepali
"सलगम बोटको जरा हुने तरकारी हो, जुन टेम्परेट हावापानीमा उब्जाइन्छ।",nepali,english
"Turnip is a root vegetable, which is grown in temperate climates.",english,maithili
"शलगम गाछिक जड़ि होए वाला तरकारी छी, जे टेम्परेट हवापानीमे उपजाएल जाइत छै।",maithili,english
"In India, bananas are the most produced food item, followed by rice and wheat in second and third place.",english,nepali
"भारतमा खाद्य वस्तुहरूमा केरा सबैभन्दा बढी उब्जाइन्छ, धान गहुँ दोस्रो तेस्रो नम्बरमा पर्छन्।",nepali,english
"In India, bananas are the most produced food item, followed by rice and wheat in second and third place.",english,maithili
"भारतमे खाद्य वस्तुमे केला सभसँ बेसी उपजाएल जाइत छै, धान गेहूं दोसर तेसर नंबर पर पड़ैत छै।",maithili,english
"Timber, veneer, plywood and furniture are products of the wood industry.",english,nepali
"टिम्बर, विनीर, प्लाईवुड र फर्निचर काठ उद्योगका उत्पादन हुन्।",nepali,english
"Timber, veneer, plywood and furniture are products of the wood industry.",english,maithili
"टिम्बर, विनीर, प्लाईवुड आ फर्नीचर काठ उद्योगक उत्पादन छी।",maithili,english
Gas and water are found under the soil.,english,nepali
माटोमुनि ग्यास र पानी पाइन्छ।,nepali,english
Gas and water are found under the soil.,english,maithili
माटिक नीचाँ गैस आ पानी भेटैत छै।,maithili,english
"Due to excessive exploitation, the groundwater level is getting disturbed.",english,nepali
अत्यधिक दोहनका कारण भूमिगत जलस्तर गडबड भइरहेको छ।,nepali,english
"Due to excessive exploitation, the groundwater level is getting disturbed.",english,maithili
अत्यधिक दोहनकेँ कारण भूमिगत जलस्तर गड़बड़ भऽ रहल छै।,maithili,english
Paper is used for printing research articles.,english,nepali
कागज अनुसन्धान लेख छाप्नका लागि प्रयोग गरिन्छ।,nepali,english
Paper is used for printing research articles.,english,maithili
कागज अनुसंधान लेख छापै लेल प्रयोग कएल जाइत छै।,maithili,english
Rural people were given knowledge of crisis management.,english,nepali
ग्रामीण मानिसहरूलाई संकट व्यवस्थापनको ज्ञान दिइयो।,nepali,english
Rural people were given knowledge of crisis management.,english,maithili
ग्रामीण लोककेँ संकट प्रबंधनक ज्ञान देल गेल।,maithili,english
The waste from slaughtered chickens is taken to fish hatcheries.,english,nepali
कुखुरा काटेपछि निस्कने फोहोर माछाको ह्याचरीमा पुर्‍याइन्छ।,nepali,english
The waste from slaughtered chickens is taken to fish hatcheries.,english,maithili
कुक्कुर काटलाक बाद निकलए वाला फोहोर मछलिक हैचरीमे पहुँचाएल जाइत छै।,maithili,english
A midday meal program was started in the village school.,english,nepali
गाउँको विद्यालयमा मध्याह्न भोजन योजना सुरु गरियो।,nepali,english
A midday meal program was started in the village school.,english,maithili
गामक स्कूलमे मध्याह्न भोजन योजना शुरू कएल गेल।,maithili,english
Livestock farmers use grass or turf cutting machines.,english,nepali
घाँस वा दुबो काट्ने मेसिनको उपयोग पशुपालकहरूले गर्छन्।,nepali,english
Livestock farmers use grass or turf cutting machines.,english,maithili
घाँस वा दुब काटए वाला मशीनक उपयोग पशुपालक करैत छथि।,maithili,english
Farmers saved water through micro-irrigation.,english,nepali
सूक्ष्म सिँचाइले किसानहरूले पानीको बचत गरे।,nepali,english
Farmers saved water through micro-irrigation.,english,maithili
सूक्ष्म सिंचाई सँ किसान पानीक बचत केलनि।,maithili,english
The driver of a JCB must have a lot of patience.,english,nepali
जेसीबीको चालकले धेरै धैर्य राख्नुपर्छ।,nepali,english
The driver of a JCB must have a lot of patience.,english,maithili
जेसीबी चलावे वालाकेँ बहुत धैर्य राखए पड़ैत छै।,maithili,english
A cow's calf needs a lot of care.,english,nepali
गाईको बाछाको धेरै ध्यान राख्नुपर्छ।,nepali,english
A cow's calf needs a lot of care.,english,maithili
गाइक बाछाकेँ बहुत ध्यान राखए पड़ैत छै।,maithili,english
Many different types of natural materials are available on Earth.,english,nepali
पृथ्वीमा धेरै भिन्न-भिन्न प्रकारका प्राकृतिक सामग्री उपलब्ध छन्।,nepali,english
Many different types of natural materials are available on Earth.,english,maithili
पृथ्वी पर बहुत भिन्न-भिन्न प्रकारक प्राकृतिक सामग्री उपलब्ध अछि।,maithili,english
The government created the Pradhan Mantri Fasal Bima Yojana (Prime Minister's Crop Insurance Scheme) for farmers.,english,nepali
सरकारले किसानका लागि प्रधानमन्त्री फसल बीमा योजना बनायो।,nepali,english
The government created the Pradhan Mantri Fasal Bima Yojana (Prime Minister's Crop Insurance Scheme) for farmers.,english,maithili
सरकार किसान लेल प्रधानमंत्री फसल बीमा योजना बनेलकै।,maithili,english
The process of obtaining wool from sheep can be painful.,english,nepali
भेडाबाट ऊन प्राप्त गर्ने प्रक्रिया कष्टदायी हुन सक्छ।,nepali,english
The process of obtaining wool from sheep can be painful.,english,maithili
भेड़ सँ ऊन प्राप्त करएकेँ प्रक्रिया कष्टदायी भऽ सकैत छै।,maithili,english
The landlord hired many workers for the tea garden.,english,nepali
चिया बगानको लागि साहुकारले धेरै श्रमिकको नियुक्ति गर्यो।,nepali,english
The landlord hired many workers for the tea garden.,english,maithili
चिया बगान लेल साहूकार बहुत श्रमिककेँ नियुक्ति केलकै।,maithili,english
Rainwater is used in various types of work.,english,nepali
वर्षाको पानीको उपयोग विभिन्न प्रकारका काममा हुन्छ।,nepali,english
Rainwater is used in various types of work.,english,maithili
बरसातकेँ पानीक उपयोग विभिन्न प्रकारक काजमे होइत छै।,maithili,english
"This time, the flood destroyed a lot of crops.",english,nepali
बाढीले गर्दा यसपालि धेरै बाली नास भयो।,nepali,english
"This time, the flood destroyed a lot of crops.",english,maithili
बाढ़िकेँ कारण एहि बेर बहुत बाली नास भऽ गेल।,maithili,english
People used herbicide to clear the moss from their village pond.,english,nepali
मान्छेहरूले आफ्नो गाउँको पोखरीलाई झ्याउमुक्त बनाउन झ्याउनाशक औषधि प्रयोग गरे।,nepali,english
People used herbicide to clear the moss from their village pond.,english,maithili
लोक अपन गामक पोखरिकेँ झ्याउमुक्त बनावे लेल झ्याउनाशक दवाई प्रयोग केलनि।,maithili,english
Alpacas are found in large numbers in Peru.,english,nepali
पेरु देशमा अल्पाका धेरै संख्यामा पाइन्छ।,nepali,english
Alpacas are found in large numbers in Peru.,english,maithili
पेरू देशमे अल्पाका बहुत संख्यामे भेटैत छै।,maithili,english
Consuming less biofuel causes less damage to the environment.,english,nepali
जैविक इन्धनको खपत कम गर्दा वातावरणलाई कम क्षति हुन्छ।,nepali,english
Consuming less biofuel causes less damage to the environment.,english,maithili
जैविक ईंधनक खपत कम केला सँ वातावरणकेँ कम क्षति होइत छै।,maithili,english
Climate change affected the flowers a lot.,english,nepali
जलवायु परिवर्तनले फूललाई धेरै असर गर्यो।,nepali,english
Climate change affected the flowers a lot.,english,maithili
जलवायु परिवर्तन सँ फूलकेँ बहुत असर भेल।,maithili,english
Chemicals are needed to make paper.,english,nepali
कागज बनाउनको लागि रासायनिक पदार्थ चाहिन्छ।,nepali,english
Chemicals are needed to make paper.,english,maithili
कागज बनावे लेल रासायनिक पदार्थ चाही।,maithili,english
The government gave loans to farmers in Punjab for rice farming.,english,nepali
पंजाब राज्यमा धान खेतीको लागि सरकारले किसानलाई ऋण दियो।,nepali,english
The government gave loans to farmers in Punjab for rice farming.,english,maithili
पंजाब राज्यमे धान खेती लेल सरकार किसानकेँ ऋण देलकै।,maithili,english
Farmers have to work as laborers to repay the loan.,english,nepali
ऋण तिर्नको लागि किसानले ज्याला मजदुरी गर्नुपर्छ।,nepali,english
Farmers have to work as laborers to repay the loan.,english,maithili
ऋण चुकावे लेल किसानकेँ ज्याला मजदूरी करए पड़ैत छै।,maithili,english
Paper is also used as packing material.,english,nepali
प्याकिङको सामानको रूपमा पनि कागजको प्रयोग गरिन्छ।,nepali,english
Paper is also used as packing material.,english,maithili
पैकिंगकेँ सामानकेँ रूपमे सेहो कागजक प्रयोग कएल जाइत छै।,maithili,english
Seed banks have been established in rural areas of India.,english,nepali
भारतमा ग्रामीण क्षेत्रमा बीउ बैंकको स्थापना गरिएको छ।,nepali,english
Seed banks have been established in rural areas of India.,english,maithili
भारतमे ग्रामीण क्षेत्रमे बीउ बैंकक स्थापना कएल गेल छै।,maithili,english
Pure and cold water can be found in wells.,english,nepali
इनारबाट शुद्ध र चिसो पानी पाउन सकिन्छ।,nepali,english
Pure and cold water can be found in wells.,english,maithili
कुआँ सँ शुद्ध आ ठंडा पानी भेट सकैत अछि।,maithili,english
The job of the Agricultural Produce Market Committee is to determine fair prices.,english,nepali
कृषि उपज बजार समितिको काम उचित मूल्य निर्धारण गर्नु हो।,nepali,english
The job of the Agricultural Produce Market Committee is to determine fair prices.,english,maithili
कृषि उपज बाजार समितिक काज उचित मूल्य निर्धारण करनाइ होइत छै।,maithili,english
Sandy soil is considered a very good soil in India.,english,nepali
बलौटे माटो भारतमा धेरै राम्रो माटो मानिन्छ।,nepali,english
Sandy soil is considered a very good soil in India.,english,maithili
बलुआ माटि भारतमे बहुत नीक माटि मानल जाइत छै।,maithili,english
Wool is sheared from a sheep's body once a year.,english,nepali
भेडाको शरीरबाट वर्षमा एक पटक ऊन काटिन्छ।,nepali,english
Wool is sheared from a sheep's body once a year.,english,maithili
भेड़केँ शरीर सँ वर्षमे एक बेर ऊन काटल जाइत छै।,maithili,english
Good feed is necessary for cow's milk production.,english,nepali
राम्रो खाद्य पदार्थ गाईको दूध उत्पादनको लागि आवश्यक हुन्छ।,nepali,english
Good feed is necessary for cow's milk production.,english,maithili
नीक खाद्य पदार्थ गाईकेँ दूध उत्पादन लेल आवश्यक होइत छै।,maithili,english
Using biogas can conserve old biofuels.,english,nepali
बायो ग्यासको प्रयोगले पुरानो जैविक इन्धनको संरक्षण हुन सक्छ।,nepali,english
Using biogas can conserve old biofuels.,english,maithili
बायो गैसकेँ प्रयोग सँ पुरान जैविक ईंधनक संरक्षण भऽ सकैत छै।,maithili,english
The Ministry of Energy examined the negative effects of biofuels.,english,nepali
ऊर्जा मन्त्रालयले जैविक इन्धनको नकारात्मक असरको जाँच गर्यो।,nepali,english
The Ministry of Energy examined the negative effects of biofuels.,english,maithili
ऊर्जा मंत्रालय जैविक ईंधनक नकारात्मक असरक जाँच केलकै।,maithili,english
Germination is a natural and slow process.,english,nepali
अंकुराउनु एक प्राकृतिक र ढिलो प्रक्रिया हो।,nepali,english
Germination is a natural and slow process.,english,maithili
अंकुराएल एक प्राकृतिक आ ढील प्रक्रिया छी।,maithili,english
A leaf sensor is a type of device used for irrigation.,english,nepali
"पातको सेन्सर एक प्रकारको उपकरण हो, जसको प्रयोग सिँचाइको लागि हुन्छ।",nepali,english
A leaf sensor is a type of device used for irrigation.,english,maithili
"पातकेँ सेंसर एक प्रकारक उपकरण छी, जकर प्रयोग सिंचाई लेल होइत छै।",maithili,english
There was a fight in the family over ten kattha of land.,english,nepali
परिवारमा दश कट्ठा जमिनको लागि झगडा भयो।,nepali,english
There was a fight in the family over ten kattha of land.,english,maithili
परिवारमे दस कट्ठा जमीन लेल झगड़ा भेल।,maithili,english
Is there any variety where weeds don't grow?,english,nepali
कुनै यस्तो जात छ र जहाँ झारपात नउम्रियोस्?,nepali,english
Is there any variety where weeds don't grow?,english,maithili
कोनो एहन जात अछि जतय झारपात नहिं उगे?,maithili,english
He bought two kattha of land in the village.,english,nepali
उहाँले गाउँमा दुई कट्ठा जग्गा किन्नुभयो।,nepali,english
He bought two kattha of land in the village.,english,maithili
ओ गांउमे दू कट्ठा जमीन किनलनि।,maithili,english
"After the Green Revolution, the use of agricultural chemicals increased.",english,nepali
हरित क्रान्तिपछि कृषि रसायनको प्रयोगमा वृद्धि भयो।,nepali,english
"After the Green Revolution, the use of agricultural chemicals increased.",english,maithili
हरित क्रान्ति के बाद कृषि रसायन के प्रयोग मे बढोत्तरी भेल।,maithili,english
Indian Chemical Institute is a very big producer of agricultural chemicals.,english,nepali
भारत रसायन संस्थान कृषि रसायनको धेरै ठूलो उत्पादक हो।,nepali,english
Indian Chemical Institute is a very big producer of agricultural chemicals.,english,maithili
भारत रसायन संस्थान कृषि रसायन के बहुत पैघ उत्पादक अछि।,maithili,english
The increase in sea fish in the market has increased trade.,english,nepali
बजारमा समुद्री माछाको वृद्धिले व्यापारमा वृद्धि भयो।,nepali,english
The increase in sea fish in the market has increased trade.,english,maithili
बजार मे समुद्री मछली के बढोतरी से व्यापार मे बढोतरी भेल।,maithili,english
The agricultural equipment manufacturers organization manufactures modern equipment every year.,english,nepali
कृषि उपकरण निर्माता संगठनले प्रति वर्ष आधुनिक उपकरणहरू निर्माण गर्छ।,nepali,english
The agricultural equipment manufacturers organization manufactures modern equipment every year.,english,maithili
कृषि उपकरण निर्माता संगठन प्रति वर्ष आधुनिक उपकरण बनाबैत अछि।,maithili,english
Organic gardening does not adversely affect human health.,english,nepali
जैविक बागवानीले मानिसको स्वास्थ्यमा नराम्रो असर पार्दैन।,nepali,english
Organic gardening does not adversely affect human health.,english,maithili
जैविक बागवानी से मनुष्य के स्वास्थ्य पर खराब असर नहिं पडैत अछि।,maithili,english
The Prime Minister worked for the development of the agricultural sector.,english,nepali
प्रधानमन्त्रीले कृषि क्षेत्रको विकासको लागि काम गर्नुभयो।,nepali,english
The Prime Minister worked for the development of the agricultural sector.,english,maithili
प्रधानमन्त्री कृषि क्षेत्र के विकास के लेल काज केलनि।,maithili,english
Bamboo is used a lot in the textile industry.,english,nepali
कपडा उद्योगमा बाँसको उपयोग धेरै हुन्छ।,nepali,english
Bamboo is used a lot in the textile industry.,english,maithili
कपडा उद्योग मे बांस के उपयोग बहुत होएत अछि।,maithili,english
The government creates the mandi system in India.,english,nepali
भारतमा मंडी प्रणालीको व्यवस्था सरकारले निर्माण गर्छ।,nepali,english
The government creates the mandi system in India.,english,maithili
भारत मे मंडी प्रणाली के व्यवस्था सरकार बनबैत अछि।,maithili,english
Different types of trees are found in India.,english,nepali
भारतमा विभिन्न प्रकारका रुख पाइन्छ।,nepali,english
Different types of trees are found in India.,english,maithili
भारत मे विभिन्न प्रकार के गाछ भेटैत अछि।,maithili,english
"After threshing, the grain is separated from the chaff.",english,nepali
दौनी गरेपछि जातबाट दाना अलग हुन्छ।,nepali,english
"After threshing, the grain is separated from the chaff.",english,maithili
दौनी केला के बाद जात से दाना अलग होएत अछि।,maithili,english
"Carpets, curtains, ropes, etc. are made from jute.",english,nepali
"पटुवाबाट गलैँचा, पर्दा, डोरी इत्यादि बनाइन्छ।",nepali,english
"Carpets, curtains, ropes, etc. are made from jute.",english,maithili
"पटुआ से गलैचा, पर्दा, डोरी इत्यादि बनाओल जाएत अछि।",maithili,english
Expanding the forest is necessary to boost the economy.,english,nepali
अर्थतन्त्रलाई अगाडि बढाउनको लागि जङ्गलको विस्तार आवश्यक छ।,nepali,english
Expanding the forest is necessary to boost the economy.,english,maithili
अर्थतन्त्र के आगू बढावे के लेल जंगल के विस्तार जरूरी अछि।,maithili,english
Farmers should use the best equipment to prepare the soil.,english,nepali
किसानले माटो तयार गर्नको लागि उत्तम उपकरणको उपयोग गर्नुपर्छ।,nepali,english
Farmers should use the best equipment to prepare the soil.,english,maithili
किसान के माटि तैयार करे के लेल उत्तम उपकरण के उपयोग करे के चाही।,maithili,english
The farmer produced watermelon fruit with a lot of hard work.,english,nepali
किसानले धेरै परिश्रम गरेर खरबुजा फलको उत्पादन गरे।,nepali,english
The farmer produced watermelon fruit with a lot of hard work.,english,maithili
किसान बहुत परिश्रम क के खरबुजा फल के उत्पादन केलनि।,maithili,english
Combined machinery has a very important role in the agricultural sector.,english,nepali
संयुक्त यन्त्रको कृषि क्षेत्रमा धेरै महत्त्वपूर्ण भूमिका छ।,nepali,english
Combined machinery has a very important role in the agricultural sector.,english,maithili
संयुक्त यन्त्र के कृषि क्षेत्र मे बहुत महत्वपूर्ण भूमिका अछि।,maithili,english
Nutrient requirements depend on the age of the cow.,english,nepali
पोषक तत्वको आवश्यकता गाईको उमेरमा निर्भर गर्छ।,nepali,english
Nutrient requirements depend on the age of the cow.,english,maithili
पोषक तत्व के आवश्यकता गाई के उमिर पर निर्भर करैत अछि।,maithili,english
Bamboo is the main source of bamboo paper.,english,nepali
बाँस कागजको मुख्य स्रोत बाँस हो।,nepali,english
Bamboo is the main source of bamboo paper.,english,maithili
बांस कागज के मुख्य स्रोत बांस अछि।,maithili,english
"A large, airy house is needed to raise chickens.",english,nepali
कुखुरा पालन गर्नको लागि एउटा ठूलो हावादार घरको आवश्यकता पर्छ।,nepali,english
"A large, airy house is needed to raise chickens.",english,maithili
कुखुरा पालन करे के लेल एकटा पैघ हवादार घर के आवश्यकता पडैत अछि।,maithili,english
"Under the Pradhan Mantri Kisan Mandhan Yojana, farmers receive some amount monthly.",english,nepali
प्रधानमन्त्री किसान मानधन योजनाबाट किसानले मासिक रूपमा केही रकम पाउँछन्।,nepali,english
"Under the Pradhan Mantri Kisan Mandhan Yojana, farmers receive some amount monthly.",english,maithili
प्रधानमन्त्री किसान मानधन योजना से किसान के मासिक रूप से किछु रकम भेटैत छै।,maithili,english
Betel nut traders displayed different types of betel nuts.,english,nepali
सुपारी व्यापारीहरूले विभिन्न प्रकारका सुपारी प्रदर्शन गरे।,nepali,english
Betel nut traders displayed different types of betel nuts.,english,maithili
सुपारी व्यापारी सब विभिन्न प्रकार के सुपारी प्रदर्शन केलनि।,maithili,english
The aim of the midday meal scheme is to provide nutritious food to students.,english,nepali
मध्यान्ह भोजन योजनाको उद्देश्य विद्यार्थीहरूलाई पौष्टिक आहार प्रदान गर्नु हो।,nepali,english
The aim of the midday meal scheme is to provide nutritious food to students.,english,maithili
मध्यान्ह भोजन योजना के उद्देश्य विद्यार्थी सब के पौष्टिक आहार प्रदान करनाई अछि।,maithili,english
"Generally, its seeds are planted after making a hole.",english,nepali
सामान्यतया यसको बिउलाई प्वाल पारेर रोपिन्छ।,nepali,english
"Generally, its seeds are planted after making a hole.",english,maithili
सामान्यतया एकर बिआ के छेद क के रोपायल जाएत अछि।,maithili,english
Its largest producer country is Indonesia.,english,nepali
यसको सबैभन्दा ठूलो उत्पादक देश इन्डोनेसिया हो।,nepali,english
Its largest producer country is Indonesia.,english,maithili
एकर सबस पैघ उत्पादक देश इंडोनेशिया अछि।,maithili,english
"Chicken feed contains many chemicals, which are harmful to human health.",english,nepali
"कुखुराको दानामा धेरै रसायन हुन्छ, जुन मानव स्वास्थ्यको लागि हानिकारक हुन्छ।",nepali,english
"Chicken feed contains many chemicals, which are harmful to human health.",english,maithili
"कुखुरा के दाना मे बहुत रसायन होएत अछि, जे मानव स्वास्थ्य के लेल हानिकारक होएत अछि।",maithili,english
A pomegranate has hundreds of small juicy seeds.,english,nepali
एउटा अनारमा सयौं स-साना रसिलो दाना हुन्छन्।,nepali,english
A pomegranate has hundreds of small juicy seeds.,english,maithili
एकटा अनार मे सैकडों छोट-छोट रसीला दाना होएत अछि।,maithili,english
This festival happens at different times because of different climates and crops around the world.,english,nepali
विश्वभरि जलवायु र बालीमा फरक भएकाले यो उत्सव फरक-फरक समयमा हुन्छ।,nepali,english
This festival happens at different times because of different climates and crops around the world.,english,maithili
विश्वभरि मे जलवायु आ बाली मे फरक भेला के कारण ई उत्सव अलग-अलग समय मे होएत अछि।,maithili,english
Ethanol fuel is used worldwide as biofuel.,english,nepali
विश्वभरि इथेनोल इन्धनको प्रयोग जैविक इन्धनको रूपमा हुन्छ।,nepali,english
Ethanol fuel is used worldwide as biofuel.,english,maithili
विश्वभरि मे इथेनोल ईंधन के प्रयोग जैविक ईंधन के रूप मे होएत अछि।,maithili,english
Nematicides are very dangerous poisonous substances.,english,nepali
नेमाटिसाइड्स धेरै खतरनाक विषालु पदार्थ हुन्छ।,nepali,english
Nematicides are very dangerous poisonous substances.,english,maithili
नेमाटिसाइड्स बहुत खतरनाक विषैला पदार्थ होएत अछि।,maithili,english
"If someone eats the flower or leaf of an oleander, they can get sick because it is poisonous.",english,nepali
"ओलियन्डरको फूल, पात केही खाएमा मान्छे बिरामी हुनसक्छ, किनकि यो विषालु हुन्छ।",nepali,english
"If someone eats the flower or leaf of an oleander, they can get sick because it is poisonous.",english,maithili
"ओलियन्डर के फूल, पात किछु खएला पर आदमी बीमार भ सकैत अछि, किए कि ई विषैला होएत अछि।",maithili,english
"Animals have many types of diseases, which can be divided into three categories.",english,nepali
"जनावरहरूमा धेरै प्रकारका रोगहरू हुन्छन्, जसलाई तीन वर्गमा विभाजन गर्न सकिन्छ।",nepali,english
"Animals have many types of diseases, which can be divided into three categories.",english,maithili
"जानवर सब मे बहुत प्रकार के रोग होएत अछि, जकरा तीन वर्ग मे विभाजित कएल जा सकैत अछि।",maithili,english
"This fruit has a texture like an egg yolk, so it is called egg fruit.",english,nepali
"यो फलमा अण्डाको पहेंलो भाग जस्तो बनावट हुन्छ, त्यसैले यसलाई एग फ्रुट भनिन्छ।",nepali,english
"This fruit has a texture like an egg yolk, so it is called egg fruit.",english,maithili
"ई फल मे अंडा के पियर भाग जका बनावट होएत अछि, तेकर लेल एकरा एग फ्रुट कहल जाएत अछि।",maithili,english
"Tobacco for bidis is grown in sandy, black, and loamy soil.",english,nepali
"बिडीको लागि तम्बाकू बलौटे, कालो र दोमट माटोमा उब्जाउ गरिन्छ।",nepali,english
"Tobacco for bidis is grown in sandy, black, and loamy soil.",english,maithili
"बिडी के लेल तम्बाकू बलुआ, करिया आ दोमट माटि मे उपजाओल जाएत अछि।",maithili,english
A mushroom with a white cap and a red stem is not edible.,english,nepali
सेतो छाता र रातो डाँठ भएको च्याउ खान योग्य हुँदैन।,nepali,english
A mushroom with a white cap and a red stem is not edible.,english,maithili
उज्जर छाता आ लाल डाँठ वाला च्याउ खाए योग्य नहिं होएत अछि।,maithili,english
Chennai faced a water crisis due to water scarcity.,english,nepali
पानीको अभावका कारण चेन्नईमा जल संकट उत्पन्न भयो।,nepali,english
Chennai faced a water crisis due to water scarcity.,english,maithili
पानी के अभाव के कारण चेन्नई मे जल संकट उत्पन्न भेल।,maithili,english
Marwari sheep are found in various districts of the state of Rajasthan.,english,nepali
मारवाडी भेडा राजस्थान राज्यका विभिन्न जिल्लामा पाइन्छ।,nepali,english
Marwari sheep are found in various districts of the state of Rajasthan.,english,maithili
मारवाडी भेडा राजस्थान राज्य के विभिन्न जिला मे भेटैत अछि।,maithili,english
Natural fibers originate from trees and animals.,english,nepali
प्राकृतिक रेशाको उत्पत्ति रूख र जनावरबाट हुन्छ।,nepali,english
Natural fibers originate from trees and animals.,english,maithili
प्राकृतिक रेशा के उत्पत्ति गाछ आ जानवर से होएत अछि।,maithili,english
"The woodworm includes names like garar, ghun, bhem, etc.",english,nepali
"काठको कीरामा गरार, घुन, भेम इत्यादिको नाम लिइन्छ।",nepali,english
"The woodworm includes names like garar, ghun, bhem, etc.",english,maithili
"काठ के कीड़ा मे गरार, घुन, भेम इत्यादिक के नाम लेल जाएत अछि।",maithili,english
But animal exploitation has increased due to rearing.,english,nepali
तर पालनपोषणका कारण पशु शोषणमा वृद्धि भएको छ।,nepali,english
But animal exploitation has increased due to rearing.,english,maithili
मुदा पालनपोषण के कारण पशु शोषण मे बढोतरी भेल अछि।,maithili,english
"In villages, animal husbandry is done a lot.",english,nepali
गाउँघरतिर पशुपालन धेरै गरिन्छ।,nepali,english
"In villages, animal husbandry is done a lot.",english,maithili
गांउघर तरफ पशुपालन बहुत कएल जाएत अछि।,maithili,english
The demand for sprouted seeds increased to get a good harvest.,english,nepali
राम्रो फसल प्राप्त गर्न अंकुरित बीउको मागमा वृद्धि भयो।,nepali,english
The demand for sprouted seeds increased to get a good harvest.,english,maithili
नीक फसल प्राप्त करे के लेल अंकुरित बिआ के मांग मे बढोतरी भेल।,maithili,english
This machine has a vacuum system attached.,english,nepali
यो मेसिनमा एउटा भ्याकुम सिस्टम लागेको हुन्छ।,nepali,english
This machine has a vacuum system attached.,english,maithili
ई मशीन मे एकटा भ्याकुम सिस्टम लागल रहैत अछि।,maithili,english
"After proving eligibility for financial assistance, help was received.",english,nepali
वित्तीय सहयोगको लागि योग्यता प्रमाणित भएपछि सहयोग पाइयो।,nepali,english
"After proving eligibility for financial assistance, help was received.",english,maithili
वित्तीय सहयोग के लेल योग्यता प्रमाणित भेला के बाद सहयोग भेटल।,maithili,english
Farming without irrigation is called dry farming.,english,nepali
सिँचाइ बिनाको खेतीलाई सुख्खा खेती भनिन्छ।,nepali,english
Farming without irrigation is called dry farming.,english,maithili
सिंचाई बिना के खेती के सूखा खेती कहल जाएत अछि।,maithili,english
"To protect the crop from rats, the farmer used rodenticide.",english,nepali
बालीलाई मुसाबाट बचाउन किसानले कृन्तकनाशकको प्रयोग गरे।,nepali,english
"To protect the crop from rats, the farmer used rodenticide.",english,maithili
बाली के मुसा से बचावे के लेल किसान कृन्तकनाशक के प्रयोग केलनि।,maithili,english
Thread is made with the help of a spinning wheel.,english,nepali
चरखाको सहयोगले धागो तयार गरिन्छ।,nepali,english
Thread is made with the help of a spinning wheel.,english,maithili
चरखा के सहयोग से धागा तैयार कएल जाएत अछि।,maithili,english
Agroforestry increases the income of farmers many times over.,english,nepali
वृक्षारोपण खेतीले किसानको आम्दानी धेरै गुणा बढ्छ।,nepali,english
Agroforestry increases the income of farmers many times over.,english,maithili
वृक्षारोपण खेती से किसान के आमदनी बहुत गुना बढैत अछि।,maithili,english
The need for Maddu or Madda irrigation system is not felt in Mithila.,english,nepali
मद्दु वा मद्दा सिँचाइ व्यवस्थाको आवश्यकता मिथिलामा महसुस हुँदैन।,nepali,english
The need for Maddu or Madda irrigation system is not felt in Mithila.,english,maithili
मद्दु वा मद्दा सिंचाई व्यवस्था के आवश्यकता मिथिला मे महसूस नहिं होएत अछि।,maithili,english
Many writers have called sheep grazing an ecological crisis.,english,nepali
धेरै लेखकले भेडा चराउने कामलाई पारिस्थितिक संकट भनेका छन्।,nepali,english
Many writers have called sheep grazing an ecological crisis.,english,maithili
बहुत लेखक भेडा चरावे के काज के पारिस्थितिक संकट कहने छथि।,maithili,english
The combined machine has a very important role in agriculture.,english,nepali
संयुक्त यन्त्रको कृषि क्षेत्रमा धेरै महत्त्वपूर्ण भूमिका छ।,nepali,english
The combined machine has a very important role in agriculture.,english,maithili
संयुक्त यन्त्रक कृषि क्षेत्रमे बहुत महत्वपूर्ण भूमिका छै।,maithili,english
The Minister of Agriculture was very happy with the National Food Security Mission.,english,nepali
राष्ट्रिय खाद्य सुरक्षा मिशनबाट कृषि मन्त्री धेरै खुसी हुनुहुन्थ्यो।,nepali,english
The Minister of Agriculture was very happy with the National Food Security Mission.,english,maithili
राष्ट्रिय खाद्य सुरक्षा मिशनसँ कृषि मंत्री बहुत खुश रहैथ।,maithili,english
"After the method of obtaining gold from the bark of lemon trees comes to Mithila, employment opportunities will increase.",english,nepali
निम्बुको रुखको बोक्राबाट सुन प्राप्त गर्ने विधि मिथिलामा आएपछि रोजगारीको अवसर बढ्नेछ।,nepali,english
"After the method of obtaining gold from the bark of lemon trees comes to Mithila, employment opportunities will increase.",english,maithili
नेबुक गाछक बोकसँ सोना निकालएके विधि मिथिलामे आएला पर रोजगारक अवसर बढ्हत।,maithili,english
"Due to the shortage of tomatoes, the price increased.",english,nepali
टमाटरको अभावका कारण मूल्यमा वृद्धि भयो।,nepali,english
"Due to the shortage of tomatoes, the price increased.",english,maithili
टमाटरक अभावके कारण दाममे बढोत्तरी भेल।,maithili,english
The farmer produced santola and sold it in the market.,english,nepali
किसानले सन्तोला उत्पादन गरेर बजारमा बेचे।,nepali,english
The farmer produced santola and sold it in the market.,english,maithili
किसान सन्तोला उपजाके बाजारमे बेचलक।,maithili,english
The humidity level is very high in some parts of South India.,english,nepali
दक्षिण भारतका केही क्षेत्रमा आद्रताको स्तर धेरै हुन्छ।,nepali,english
The humidity level is very high in some parts of South India.,english,maithili
दक्षिण भारतक किछु क्षेत्रमे आद्रताक स्तर बहुत बेसी होइत छै।,maithili,english
Wool on the sheep's mouth can cause many diseases.,english,nepali
भेडाको मुखमा ऊनले धेरै रोग निम्त्याउन सक्छ।,nepali,english
Wool on the sheep's mouth can cause many diseases.,english,maithili
भेड़ोक मुहमे ऊन बहुत रोगके कारण बन सकैत अछि।,maithili,english
His equipment was destroyed due to woodworm.,english,nepali
काठको कीराले गर्दा उसको उपकरण नष्ट भयो।,nepali,english
His equipment was destroyed due to woodworm.,english,maithili
काठक कीड़ाके कारण ओकर उपकरण नष्ट भ गेल।,maithili,english
Cocoa is used a lot in India.,english,nepali
भारतमा कोकोको उपयोग धेरै गरिन्छ।,nepali,english
Cocoa is used a lot in India.,english,maithili
भारतमे कोकोक उपयोग बहुत कएल जाइत अछि।,maithili,english
Dairy cows produce more milk than other cows.,english,nepali
डेरी गाईले अन्य गाईभन्दा धेरै दूध उत्पादन गर्छ।,nepali,english
Dairy cows produce more milk than other cows.,english,maithili
डेरी गाई दोसर गाईसँ बेसी दूध उत्पादन करैत अछि।,maithili,english
This machine has a really sharp grass cutting blade.,english,nepali
यो मेसिनमा घाँस काट्ने ब्लेड एकदमै धारिलो हुन्छ।,nepali,english
This machine has a really sharp grass cutting blade.,english,maithili
ई मशीनमे घास काटे वाला ब्लेड एकदम तेज होइत छै।,maithili,english
The government should ensure proper use of fertile land.,english,nepali
सरकारले मलिलो जमिनको सही उपयोग गराउनुपर्छ।,nepali,english
The government should ensure proper use of fertile land.,english,maithili
सरकारके मलहड़ जमीनक सही उपयोग करेबाक चाही।,maithili,english
The wood business suffered a lot due to the Corona pandemic.,english,nepali
कोरोना महामारीले गर्दा काठको व्यापारमा धेरै नोक्सान भयो।,nepali,english
The wood business suffered a lot due to the Corona pandemic.,english,maithili
कोरोना महामारीके कारण काठक व्यापारमे बहुत नुकसान भेल।,maithili,english
The farmer asked for help to apply for financial assistance.,english,nepali
किसानले आर्थिक सहयोगको लागि निवेदन दिन सहयोग मागे।,nepali,english
The farmer asked for help to apply for financial assistance.,english,maithili
किसान आर्थिक सहयोगके लेल आवेदन देबाक लेल मदद मँगने छल।,maithili,english
Rat poison is poison for rats.,english,nepali
मुसा मार्ने विष मुसाको लागि विष हो।,nepali,english
Rat poison is poison for rats.,english,maithili
मुसा मारे वाला जहर मुसाके लेल विष होइत छै।,maithili,english
They were able to expand agriculture because of the agricultural infrastructure fund.,english,nepali
कृषि पूर्वाधार कोषको कारणले उनीहरुले कृषि विस्तार गर्न सके।,nepali,english
They were able to expand agriculture because of the agricultural infrastructure fund.,english,maithili
कृषि पूर्वाधार कोषके कारण ओ सब कृषि विस्तार कए सकल।,maithili,english
"Due to the invention of machines, many working people's jobs were affected.",english,nepali
मेसिनको आविष्कारले गर्दा धेरै काम गर्ने मान्छेहरुको रोजगारीमा असर पर्यो।,nepali,english
"Due to the invention of machines, many working people's jobs were affected.",english,maithili
मशीनक आविष्कारके कारण बहुत काम करे वाला लोगक रोजगार पर असर पड़ल।,maithili,english
Organic fertilizer does not destroy the fertility of the soil.,english,nepali
जैविक मलले जमिनको उर्वरा शक्ति नष्ट गर्दैन।,nepali,english
Organic fertilizer does not destroy the fertility of the soil.,english,maithili
जैविक खाद जमीनक उर्वरा शक्ति नष्ट नै करैत अछि।,maithili,english
The corrupt employee didn't give the livestock insurance money to the farmer.,english,nepali
भ्रष्ट कर्मचारीले पशु बीमा योजनाको पैसा किसानलाई दिएन।,nepali,english
The corrupt employee didn't give the livestock insurance money to the farmer.,english,maithili
भ्रष्ट कर्मचारी पशु बीमा योजनाक पैसा किसानके नै देलक।,maithili,english
The lack of nutrients affected the fertility of the sheep.,english,nepali
पोषक तत्वको कमीले गर्दा भेडाको प्रजनन क्षमतामा असर गर्यो।,nepali,english
The lack of nutrients affected the fertility of the sheep.,english,maithili
पोषक तत्वक कमीके कारण भेड़ोक प्रजनन क्षमता पर असर पड़ल।,maithili,english
The farmer applied to the officer for a permit to expand his business.,english,nepali
किसानले व्यापार बढाउनको लागि अधिकारीलाई अनुमति पत्रको लागि निवेदन दिए।,nepali,english
The farmer applied to the officer for a permit to expand his business.,english,maithili
किसान व्यापार बढ़ावेके लेल अधिकारीसँ अनुमति पत्रके लेल आवेदन देलक।,maithili,english
Antarctica has a large source of the world's frozen water.,english,nepali
अन्टार्टिकामा विश्वको धेरै जमेको पानीको स्रोत छ।,nepali,english
Antarctica has a large source of the world's frozen water.,english,maithili
अंटार्कटिकामे दुनियाक बहुत जमल पानीक स्रोत छै।,maithili,english
The arthropod is a major component for the invertebrate fauna.,english,nepali
कठिनी जीवजगतमा संधिपाद जीवको लागि एउटा मुख्य भाग हो।,nepali,english
The arthropod is a major component for the invertebrate fauna.,english,maithili
कठिनी जीवजगतमे संधिपाद जीवके लेल एकटा मुख्य भाग होइत छै।,maithili,english
Plowing with a subsoiler loosens the soil and results in good production.,english,nepali
सबसॉइलरले जोत्दा माटो खुकुलो हुन्छ र राम्रो उत्पादन हुन्छ।,nepali,english
Plowing with a subsoiler loosens the soil and results in good production.,english,maithili
सबसॉइलरसँ जोतला पर माटि ढीला होइत छै आ नीक उत्पादन होइत छै।,maithili,english
A sheep produces about thirty liters of methane gas per day.,english,nepali
एउटा भेडाले दिनमा लगभग तीस लिटर मिथेन ग्यास उत्पादन गर्छ।,nepali,english
A sheep produces about thirty liters of methane gas per day.,english,maithili
एकटा भेड़ा दिनमे लगभग तीस लीटर मिथेन गैस उत्पादन करैत छै।,maithili,english
Dates from Arab countries are considered high quality.,english,nepali
अरब देशको खजुरलाई उच्च गुणस्तरको मानिन्छ।,nepali,english
Dates from Arab countries are considered high quality.,english,maithili
अरब देशक खजूरके उच्च गुणवत्ताक मानल जाइत अछि।,maithili,english
Pima is considered the finest cotton in the world.,english,nepali
पीमालाई संसारकै सबैभन्दा उत्तम कपास मानिन्छ।,nepali,english
Pima is considered the finest cotton in the world.,english,maithili
पीमाके दुनियाक सबसँ उत्तम कपास मानल जाइत अछि।,maithili,english
The farmer leader and the then Development Minister of Punjab started the Mandi system.,english,nepali
किसान नेता र पञ्जाबका तत्कालीन विकास मन्त्रीले मंडी प्रणाली सुरु गरेका थिए।,nepali,english
The farmer leader and the then Development Minister of Punjab started the Mandi system.,english,maithili
किसान नेता आ पंजाबक तत्कालीन विकास मंत्री मंडी प्रणाली शुरू कएने छल।,maithili,english
The main objective of animal welfare is the freedom to recover from crisis and behave normally.,english,nepali
संकटबाट मुक्त भएर सामान्य व्यवहार गर्न पाउने स्वतन्त्रता पशु कल्याणको मुख्य उद्देश्य हो।,nepali,english
The main objective of animal welfare is the freedom to recover from crisis and behave normally.,english,maithili
संकटसँ मुक्त भऽके सामान्य व्यवहार करेके स्वतंत्रता पशु कल्याणक मुख्य उद्देश्य होइत छै।,maithili,english
"Red chili is not good for everyone, it can cause stomach irritation, pain, and diarrhea.",english,nepali
"रातो खुर्सानी सबैको लागि राम्रो हुँदैन, यसले पेटमा जलन, दुख्ने र पखाला लाग्न सक्छ।",nepali,english
"Red chili is not good for everyone, it can cause stomach irritation, pain, and diarrhea.",english,maithili
"लाल मिर्च सबके लेल नीक नै होइत छै, एकरासँ पेटमे जलन, दर्द आ दस्त भऽ सकैत छै।",maithili,english
"Dried tobacco leaves are used for bidi, cigarettes, and chewing tobacco.",english,nepali
"सुकेको सुर्तीको पातलाई बिँडी, सिगरेट र चपाउने सुर्तीमा प्रयोग गरिन्छ।",nepali,english
"Dried tobacco leaves are used for bidi, cigarettes, and chewing tobacco.",english,maithili
"सुखल सुर्तीक पत्ताके बीड़ी, सिगरेट आ चबावे वाला सुर्तीमे प्रयोग कएल जाइत अछि।",maithili,english
"If the flower gets a disease, it affects production and reduces the farmer's income.",english,nepali
फूलमा रोग लाग्यो भने उत्पादनमा असर पर्छ र किसानको आम्दानी घट्छ।,nepali,english
"If the flower gets a disease, it affects production and reduces the farmer's income.",english,maithili
फूलमे रोग लागला पर उत्पादन पर असर पड़ैत छै आ किसानक आमदनी घटि जाइत छै।,maithili,english
A mushroom is a spore-bearing fruit that grows above ground. It's made from fungus.,english,nepali
"च्याउ एउटा बीजाणुयुक्त फल हो, जुन जमिनमाथि उम्रन्छ। यो ढुसीबाट बन्छ।",nepali,english
A mushroom is a spore-bearing fruit that grows above ground. It's made from fungus.,english,maithili
"च्याउ एकटा बीजाणुयुक्त फल होइत छै, जे जमीन पर उगैत छै। ई ढुसीसँ बनैत छै।",maithili,english
Broken wheat is a high-protein food that has no fat.,english,nepali
"टुटेको गहुँ उच्च प्रोटिन भएको खाना हो, जसमा चिल्लो हुँदैन।",nepali,english
Broken wheat is a high-protein food that has no fat.,english,maithili
"टूटल गेहूं उच्च प्रोटीन वाला खाना होइत छै, जहिमे चर्बी नै होइत छै।",maithili,english
"Paper is commercially prepared for printing, writing, and packaging.",english,nepali
"कागजलाई छाप्न, लेख्न र प्याकेजिङको लागि व्यावसायिक रूपमा तयार गरिन्छ।",nepali,english
"Paper is commercially prepared for printing, writing, and packaging.",english,maithili
"कागजके छापे, लिखे आ पैकेजिंगके लेल व्यावसायिक रूपसँ तैयार कएल जाइत अछि।",maithili,english
It's better to graft amla than to plant its seeds.,english,nepali
आँवलाको बीउ रोप्नुभन्दा कलमी गर्नु राम्रो हुन्छ।,nepali,english
It's better to graft amla than to plant its seeds.,english,maithili
आँवलाके बीज रोपेसँ नीक कलम करनाइ होइत छै।,maithili,english
"Farki is a major disease of sheep, which is caused by bacteria.",english,nepali
"फर्की भेडाको एउटा प्रमुख रोग हो, जुन ब्याक्टेरियाले गर्दा हुन्छ।",nepali,english
"Farki is a major disease of sheep, which is caused by bacteria.",english,maithili
"फर्की भेड़ाक एकटा प्रमुख रोग होइत छै, जे बैक्टीरियाके कारण होइत छै।",maithili,english
It is used in potato farming because it kills insects in the soil.,english,nepali
"आलु खेतीमा यसको प्रयोग हुन्छ, किनकि यसले माटोमा हुने कीराहरूलाई मार्छ।",nepali,english
It is used in potato farming because it kills insects in the soil.,english,maithili
"आलू खेतीमे एकर प्रयोग होइत छै, किएकी ई माटिक कीड़ा सभके मारि दैत छै।",maithili,english
Cutting grape bunches is the most important step in the winemaking process.,english,nepali
अंगुरको झुप्पा काट्नु वाइन बनाउने प्रक्रियाको सबैभन्दा महत्त्वपूर्ण चरण हो।,nepali,english
Cutting grape bunches is the most important step in the winemaking process.,english,maithili
अंगूरक गुच्छा काटब वाइन बनावेके प्रक्रियाक सबसँ महत्वपूर्ण चरण होइत छै।,maithili,english
A bee is a winged insect that plays an important role in pollination.,english,nepali
"माहुरी पखेटा भएको किरा हो, जसको परागकणमा महत्त्वपूर्ण भूमिका हुन्छ।",nepali,english
A bee is a winged insect that plays an important role in pollination.,english,maithili
"माहुरी पंख वाला कीड़ा होइत छै, जकर परागकणमे महत्वपूर्ण भूमिका होइत छै।",maithili,english
"The highest fish production in the country is in Andhra Pradesh, West Bengal, and Gujarat.",english,nepali
"देशमा सबैभन्दा धेरै माछा उत्पादन आन्ध्र प्रदेश, पश्चिम बंगाल र गुजरातमा हुन्छ।",nepali,english
"The highest fish production in the country is in Andhra Pradesh, West Bengal, and Gujarat.",english,maithili
"देशमे सबसँ बेसी मछली उत्पादन आंध्र प्रदेश, पश्चिम बंगाल आ गुजरातमे होइत छै।",maithili,english
"If a sheep gets sick, it should be treated by a doctor immediately.",english,nepali
बिरामी भएको अवस्थामा भेडालाई तुरुन्तै डाक्टरबाट उपचार गराउनुपर्छ।,nepali,english
"If a sheep gets sick, it should be treated by a doctor immediately.",english,maithili
बीमार भेला पर भेड़ाके तुरंत डॉक्टरसँ इलाज करावेके चाही।,maithili,english
Water pipes are laid in the field to irrigate the land.,english,nepali
जमिन सिँचाइ गर्न खेतमा पानीको पाइप बिछ्याइन्छ।,nepali,english
Water pipes are laid in the field to irrigate the land.,english,maithili
जमीन सिंचाइ करेके लेल खेतमे पानीक पाइप बिछाओल जाइत छै।,maithili,english
Using chemical fertilizers on crops affects human health.,english,nepali
रासायनिक मलको बालीमा प्रयोग गर्नाले मानव स्वास्थ्यमा असर पर्छ।,nepali,english
Using chemical fertilizers on crops affects human health.,english,maithili
रासायनिक खादके फसलमे प्रयोग करेलासँ मानव स्वास्थ्य पर असर पड़ैत छै।,maithili,english
His father has gone to the market to buy vegetables.,english,nepali
उसको बुबा तरकारी किन्न बजार गएका छन्।,nepali,english
His father has gone to the market to buy vegetables.,english,maithili
ओकर बाबूजी तरकारी किनए लेल बाजार गेल छथि।,maithili,english
The nutmeg tree is always green.,english,nepali
जायफलको रूख सधैं हरियो हुन्छ।,nepali,english
The nutmeg tree is always green.,english,maithili
जायफलक गाछ हमेशा हरियर रहैत छै।,maithili,english
Cauliflower is a type of vegetable.,english,nepali
काउली एक प्रकारको तरकारी हो।,nepali,english
Cauliflower is a type of vegetable.,english,maithili
काउली एक प्रकारक तरकारी होइत छै।,maithili,english
This card is given every three years so that we know about the changes in the soil.,english,nepali
"यो कार्ड हरेक तीन वर्षमा दिइन्छ, ताकि माटोमा भएको परिवर्तनको बारेमा थाहा होस्।",nepali,english
This card is given every three years so that we know about the changes in the soil.,english,maithili
"ई कार्ड हर तीन सालमे देल जाइत छै, ताकि माटिक बदलावके बारेमे पता चलि सकए।",maithili,english
Antyodaya Anna Yojana was started to reduce hunger among poor people.,english,nepali
अन्त्योदय अन्न योजना गरिब मानिसहरूको भोकमरी कम गर्नको लागि सुरु गरिएको थियो।,nepali,english
Antyodaya Anna Yojana was started to reduce hunger among poor people.,english,maithili
अंत्योदय अन्न योजना गरीब लोगक भूखमरी कम करेके लेल शुरू कएल गेल छल।,maithili,english
We should use groundwater very wisely.,english,nepali
हामीले भूमिगत पानीलाई धेरै बुद्धिमानीपूर्वक प्रयोग गर्नुपर्छ।,nepali,english
We should use groundwater very wisely.,english,maithili
हमरा सब के भूमिगत पानीके बहुत बुद्धिमानीसँ प्रयोग करेके चाही।,maithili,english
Auluwa is used during occasions like fasting.,english,nepali
अउलुआको प्रयोग व्रत आदिको अवसरमा गरिन्छ।,nepali,english
Auluwa is used during occasions like fasting.,english,maithili
अउलुआ के प्रयोग बरत आउर तिहार में कयल जाइत अछि।,maithili,english
The shepherd took all his sheep to the field for food.,english,nepali
गोठालाले आफ्नो सबै भेडाहरूलाई खानाको लागि खेतमा लगे।,nepali,english
The shepherd took all his sheep to the field for food.,english,maithili
चरवाहा अपना सबटा भेंड़ा के खाना के लेल खेत में ल गेल।,maithili,english
"The main sources of paper are trees, dung, grass and water.",english,nepali
"कागजको प्रमुख स्रोत रूख, गोबर, घाँस र पानी हो।",nepali,english
"The main sources of paper are trees, dung, grass and water.",english,maithili
"कागज के मुख्य स्रोत गाछ, गोबर, घास आउर पानी होइत छै।",maithili,english
The farmer got investor loans very easily.,english,nepali
किसानलाई लगानीकर्ता ऋण एकदमै सजिलै प्राप्त भयो।,nepali,english
The farmer got investor loans very easily.,english,maithili
किसान के निवेशक ऋण बहुत आसानी से मिल गेल।,maithili,english
Growing marijuana for personal use is illegal.,english,nepali
व्यक्तिगत उपयोगको लागि भाङ खेती अवैध छ।,nepali,english
Growing marijuana for personal use is illegal.,english,maithili
व्यक्तिगत उपयोग के लेल भांग के खेती अवैध अछि।,maithili,english
"A mower is an agricultural tool, which is used to cut grass.",english,nepali
"मोवर एउटा कृषि औजार हो, जुन घाँस काट्नको लागि प्रयोग गरिन्छ।",nepali,english
"A mower is an agricultural tool, which is used to cut grass.",english,maithili
"मोवर एकटा कृषि औजार छै, जे घास काटे के लेल इस्तेमाल होइत छै।",maithili,english
Green manure also helps in controlling pests.,english,nepali
हरियो मलले कीरा नियन्त्रणमा पनि मद्दत गर्छ।,nepali,english
Green manure also helps in controlling pests.,english,maithili
हरियर खाद से कीड़ा के नियंत्रण में भी मदद मिलैत छै।,maithili,english
"A plow is an agricultural tool, which is used to plow fields.",english,nepali
"हर एउटा कृषि उपकरण हो, जसले खेत जोत्न काम लाग्छ।",nepali,english
"A plow is an agricultural tool, which is used to plow fields.",english,maithili
"हर एकटा कृषि उपकरण छै, जे खेत जोते के काम में आवैत छै।",maithili,english
Fisheries and its hunting are a major source of employment.,english,nepali
मत्स्य पालन र यसको शिकार रोजगारीको एउटा प्रमुख स्रोत हो।,nepali,english
Fisheries and its hunting are a major source of employment.,english,maithili
मछली पालन आउर एकर शिकार रोजगार के एकटा मुख्य स्रोत छै।,maithili,english
A sheep produces about thirty liters of methane gas per day.,english,nepali
एउटा भेडाले प्रतिदिन लगभग तीस लिटर मिथेन ग्यास उत्पादन गर्छ।,nepali,english
A sheep produces about thirty liters of methane gas per day.,english,maithili
एकटा भेंड़ा प्रतिदिन लगभग तीस लीटर मीथेन गैस पैदा करैत छै।,maithili,english
Farmer credit card facility has been provided to provide financial assistance to the farmer.,english,nepali
किसानलाई वित्तीय मद्दत पुर्‍याउन किसान क्रेडिट कार्डको सुविधा दिइएको छ।,nepali,english
Farmer credit card facility has been provided to provide financial assistance to the farmer.,english,maithili
किसान के वित्तीय मदद पहुचावे के लेल किसान क्रेडिट कार्ड के सुविधा देल गेल छै।,maithili,english
Milk pipelines should be checked from time to time.,english,nepali
दूधको पाइपलाइन समय समयमा जाँच गरिरहनुपर्छ।,nepali,english
Milk pipelines should be checked from time to time.,english,maithili
दूध के पाइपलाइन समय समय पर जाँच करत रहे के चाही।,maithili,english
Straw is collected as thatch for the whole year.,english,nepali
पराललाई वर्षभरिको लागि टालको रूपमा सङ्ग्रह गरिन्छ।,nepali,english
Straw is collected as thatch for the whole year.,english,maithili
पराल के साल भर के लेल टाल के रूप में जमा कयल जाइत छै।,maithili,english
Different breeds of goats can be found in different regions of India.,english,nepali
भारतको विभिन्न क्षेत्रमा अलग अलग जातका बाख्रा देख्न पाइन्छ।,nepali,english
Different breeds of goats can be found in different regions of India.,english,maithili
भारत के अलग-अलग क्षेत्र में अलग-अलग जात के बकरी देखे के मिलैत छै।,maithili,english
The farmer needed equipment for crop processing.,english,nepali
बाली प्रशोधनको लागि किसानलाई उपकरणको आवश्यकता थियो।,nepali,english
The farmer needed equipment for crop processing.,english,maithili
बाली के प्रोसेसिंग के लेल किसान के उपकरण के जरूरत छल।,maithili,english
"If production is higher than the cost price, the dividend is higher.",english,nepali
लागत मूल्यभन्दा बढी उत्पादन भएमा लाभांश अधिक हुन्छ।,nepali,english
"If production is higher than the cost price, the dividend is higher.",english,maithili
लागत मूल्य से ज्यादा उत्पादन होइ तो लाभांश ज्यादा होइत छै।,maithili,english
Nestle Institute is a famous coffee institute.,english,nepali
नेस्ले संस्थान कफीको एउटा प्रसिद्ध संस्थान हो।,nepali,english
Nestle Institute is a famous coffee institute.,english,maithili
नेस्ले संस्थान कॉफी के एकटा प्रसिद्ध संस्थान छै।,maithili,english
This machine is used in areas where there is less ridges and dust.,english,nepali
यो मेसिनको उपयोग त्यस्तो क्षेत्रमा गरिन्छ जहाँ आली र धूलो कम हुन्छ।,nepali,english
This machine is used in areas where there is less ridges and dust.,english,maithili
ई मशीन के उपयोग ओहि क्षेत्र में कयल जाइत छै जतय आली आउर धूल कम होइत छै।,maithili,english
Forestry is an important industrial sector in India.,english,nepali
वानिकी भारतको एउटा महत्त्वपूर्ण उद्योग क्षेत्र हो।,nepali,english
Forestry is an important industrial sector in India.,english,maithili
वानिकी भारत के एकटा महत्वपूर्ण उद्योग क्षेत्र छै।,maithili,english
Various dairy products were traded in the city.,english,nepali
शहरमा विभिन्न दुग्ध उत्पादनको व्यापार गरियो।,nepali,english
Various dairy products were traded in the city.,english,maithili
शहर में अलग-अलग दूध के उत्पाद के व्यापार कयल गेल।,maithili,english
You can get a lot of work done in a short time by using this machine.,english,nepali
यो मेसिन चलाएर थोरै समयमा धेरै काम सकिन्छ।,nepali,english
You can get a lot of work done in a short time by using this machine.,english,maithili
ई मशीन चला के कम समय में बहुत काम खत्म कयल जा सकैत छै।,maithili,english
He got dehydrated because he drank too much coffee.,english,nepali
धेरै कफी खाएकोले उहाँलाई डिहाइड्रेसन भयो।,nepali,english
He got dehydrated because he drank too much coffee.,english,maithili
बहुत कॉफी पीला के कारण ओकरा डिहाइड्रेशन भ गेल।,maithili,english
The weather department gave the government news of an emergency weather change.,english,nepali
मौसम विभागले आपतकालीन मौसम परिवर्तनको खबर सरकारलाई दियो।,nepali,english
The weather department gave the government news of an emergency weather change.,english,maithili
मौसम विभाग आपातकालीन मौसम परिवर्तन के खबर सरकार के देलक।,maithili,english
"In this greenhouse machine, the flow of air is artificially controlled.",english,nepali
यो ओसौनी मेसिनमा कृत्रिम तरिकाले हावाको प्रवाहलाई नियन्त्रण गरिन्छ।,nepali,english
"In this greenhouse machine, the flow of air is artificially controlled.",english,maithili
ई ओसौनी मशीन में कृत्रिम तरीका से हवा के प्रवाह के नियंत्रित कयल जाइत छै।,maithili,english
JCBs are very useful in the mining sector.,english,nepali
खनन क्षेत्रमा जेसिबीको उपयोगिता धेरै हुन्छ।,nepali,english
JCBs are very useful in the mining sector.,english,maithili
खनन क्षेत्र में जेसीबी के उपयोगिता बहुत होइत छै।,maithili,english
Both scissors and trimmers are used to cut sheep's wool.,english,nepali
भेडाको ऊन काट्न कैंची र ट्रीमर दुवै प्रयोग गरिन्छ।,nepali,english
Both scissors and trimmers are used to cut sheep's wool.,english,maithili
भेंड़ा के ऊन काटे के लेल कैंची आउर ट्रीमर दुनु के इस्तेमाल कयल जाइत छै।,maithili,english
This type of irrigation system is used in greenhouses for plants planted in pots.,english,nepali
यस्तो खालको सिंचाई प्रणाली ग्रीनहाउसमा गमलामा लगाएको बोटमा प्रयोग गरिन्छ।,nepali,english
This type of irrigation system is used in greenhouses for plants planted in pots.,english,maithili
अइसन तरह के सिंचाई प्रणाली ग्रीनहाउस में गमला में लगाओल पौधा में इस्तेमाल कयल जाइत छै।,maithili,english
Farmers can also sell their produce at the agricultural fair.,english,nepali
कृषि मेलामा किसानले आफ्नो उत्पादन पनि बेच्न सक्छन्।,nepali,english
Farmers can also sell their produce at the agricultural fair.,english,maithili
कृषि मेला में किसान अपना उत्पादन भी बेच सकैत छै।,maithili,english
M.S. Swaminathan is considered a world leader in the Green Revolution.,english,nepali
एम.एस. स्वामीनाथनलाई हरित क्रान्तिको विश्व नेता मानिन्छ।,nepali,english
M.S. Swaminathan is considered a world leader in the Green Revolution.,english,maithili
एम.एस. स्वामीनाथन के हरित क्रांति के विश्व नेता मानल जाइत छै।,maithili,english
The fiber obtained from the trunk of a tree is called natural fiber.,english,nepali
रूखको डाँठबाट प्राप्त फाइबरलाई प्राकृतिक फाइबर भनिन्छ।,nepali,english
The fiber obtained from the trunk of a tree is called natural fiber.,english,maithili
गाछ के डाँठ से मिलल फाइबर के प्राकृतिक फाइबर कहल जाइत छै।,maithili,english
"During the freedom struggle, the spinning wheel was a major weapon of the indigenous movement.",english,nepali
आजादीको लडाइँको बेलामा चरखा स्वदेशी आन्दोलनको एउटा प्रमुख हतियार थियो।,nepali,english
"During the freedom struggle, the spinning wheel was a major weapon of the indigenous movement.",english,maithili
आजादी के लड़ाई के समय में चरखा स्वदेशी आंदोलन के एकटा मुख्य हथियार छल।,maithili,english
Growing vegetables in water is the newest technology in agriculture.,english,nepali
पानीमा हुने तरकारीको खेती कृषिमा सबैभन्दा नयाँ प्रविधि हो।,nepali,english
Growing vegetables in water is the newest technology in agriculture.,english,maithili
पानी में होए वाला तरकारी के खेती कृषि में सब से नया तकनीक छै।,maithili,english
A lot of profit can be made in a short time from poultry farming.,english,nepali
कुखुरा पालनबाट थोरै समयमा धेरै नाफा कमाउन सकिन्छ।,nepali,english
A lot of profit can be made in a short time from poultry farming.,english,maithili
कुखुरा पालन से कम समय में बहुत मुनाफा कमायल जा सकैत छै।,maithili,english
"Date palm leaves are ten to fifteen feet long and very sharp, from which hand fans are made.",english,nepali
"खजूरको पात दशदेखि पन्ध्र फिटसम्म लामो र धेरै धारिलो हुन्छ, जसबाट हातको पंखा बनाइन्छ।",nepali,english
"Date palm leaves are ten to fifteen feet long and very sharp, from which hand fans are made.",english,maithili
"खजूर के पत्ता दस से पंद्रह फीट तक लंबा आउर बहुत धारदार होइत छै, जेकरा से हाथ के पंखा बनायल जाइत छै।",maithili,english
Raw papaya cleanses the body and improves digestion.,english,nepali
कच्चा मेवा शरीरलाई सफा गर्छ र पाचन बढाउँछ।,nepali,english
Raw papaya cleanses the body and improves digestion.,english,maithili
कच्चा मेवा शरीर के साफ करैत छै आउर पाचन बढ़ावैत छै।,maithili,english
"If hemp is to be cut for fiber, it should be cut before the seeds ripen.",english,nepali
"यदि रेशाको लागि भांग काट्नु छ भने, बीउ पाक्नुअघि नै काट्नुपर्छ।",nepali,english
"If hemp is to be cut for fiber, it should be cut before the seeds ripen.",english,maithili
"अगर रेशा के लेल भांग काटे के छै, तो बीज पाके से पहिले ही काटे के चाही।",maithili,english
Castor oil has many medicinal and industrial uses.,english,nepali
अरिंडीको तेलको धेरै औषधीय र औद्योगिक उपयोग छ।,nepali,english
Castor oil has many medicinal and industrial uses.,english,maithili
अरिंडी के तेल के बहुत औषधीय आउर औद्योगिक उपयोग छै।,maithili,english
Fisheries protect biodiversity by stopping the hunting of natural fish stocks.,english,nepali
मत्स्यपालनले माछाको प्राकृतिक भण्डारको शिकारमा रोक लगाएर जैविक विविधताको रक्षा गर्छ।,nepali,english
Fisheries protect biodiversity by stopping the hunting of natural fish stocks.,english,maithili
मछली पालन मछली के प्राकृतिक भंडार के शिकार पर रोक लगा के जैविक विविधता के रक्षा करैत छै।,maithili,english
Pomegranates are mostly grown in the tropical regions of the world.,english,nepali
अनार प्रायः संसारको गर्मी प्रदेशमा उब्जाउ गरिन्छ।,nepali,english
Pomegranates are mostly grown in the tropical regions of the world.,english,maithili
अनार प्रायः दुनिया के गर्मी वाला प्रदेश में उपजाओल जाइत छै।,maithili,english
Any farmer between the ages of eighteen and forty can register for this.,english,nepali
अठारदेखि चालीस वर्षको कुनै पनि किसानले यसको लागि दर्ता गर्न सक्छ।,nepali,english
Any farmer between the ages of eighteen and forty can register for this.,english,maithili
अठारह से चालीस साल के कोई भी किसान एकरा लेल पंजीकरण करा सकैत छै।,maithili,english
There's also a national agriculture market portal so farmers can sell their produce online.,english,nepali
किसानले आफ्नो उत्पादन अनलाइन बेच्न सकोस् भनेर राष्ट्रिय कृषि बजार पोर्टल पनि छ।,nepali,english
There's also a national agriculture market portal so farmers can sell their produce online.,english,maithili
"किसान अपना उत्पादन ऑनलाइन बेच सकै, एकरा लेल राष्ट्रीय कृषि बाजार पोर्टल भी छै।",maithili,english
Mace and nutmeg are two different spices that come from the nutmeg tree.,english,nepali
"जावित्री र जायफल दुईवटा फरक मसला हुन्, जुन जायफलको रुखबाट उत्पादन हुन्छ।",nepali,english
Mace and nutmeg are two different spices that come from the nutmeg tree.,english,maithili
"जावित्री आउर जायफल दुनु अलग-अलग मसाला छै, जे जायफल के गाछ से उत्पादन होइत छै।",maithili,english
Chicken harvesters are used to grab chickens for slaughter.,english,nepali
चिकन हार्भेस्टरको प्रयोग कुखुरालाई मार्नको लागि समात्न गरिन्छ।,nepali,english
Chicken harvesters are used to grab chickens for slaughter.,english,maithili
चिकन हार्वेस्टर के प्रयोग कुखुरा के मारे के लेल पकड़े के लेल कयल जाइत छै।,maithili,english
The wood of the Southern beech is a bit soft.,english,nepali
दक्षिणी ध्रुवको रुख अलि नरम हुन्छ।,nepali,english
The wood of the Southern beech is a bit soft.,english,maithili
दक्षिणी ध्रुव के गाछ थोड़ा नरम होइत छै।,maithili,english
Breeder seed is 100 percent physically and genetically pure for the production of foundation seed.,english,nepali
प्रजनक बीउ आधार बीउको उत्पादनको लागि शत प्रतिशत भौतिक र आनुवंशिक हुन्छ।,nepali,english
Breeder seed is 100 percent physically and genetically pure for the production of foundation seed.,english,maithili
प्रजनक बीज आधार बीज के उत्पादन के लेल शत प्रतिशत भौतिक आउर आनुवंशिक होइत छै।,maithili,english
"Milk by-products are butterfat, cream, yogurt, cheese, and buttermilk.",english,nepali
"दूधको उप उत्पादन बटरफ्याट, क्रिम, दही, पनीर र मोही हुन्।",nepali,english
"Milk by-products are butterfat, cream, yogurt, cheese, and buttermilk.",english,maithili
"दूध के उप उत्पाद बटरफैट, क्रीम, दही, पनीर आउर मोही होइत छै।",maithili,english
Another strategy is we should encourage farming that needs less water.,english,nepali
अर्को रणनीति भनेको कम पानी चाहिने खेतीलाई प्रोत्साहन गर्नुपर्छ।,nepali,english
Another strategy is we should encourage farming that needs less water.,english,maithili
दोसर रणनीति ई छै कि कम पानी चाही वाला खेती के बढ़ावा देवे के चाही।,maithili,english
Fruits don't rot quickly in the winter season.,english,nepali
जाडो मौसममा फलफूल चाँडै कुहिँदैन।,nepali,english
Fruits don't rot quickly in the winter season.,english,maithili
जाड़ के मौसम में फल जल्दी नई सड़ैत छै।,maithili,english
Growing food for local consumption is the core of tropical agriculture.,english,nepali
स्थानीय खपतका लागि खाद्यान्न उब्जाउनु उष्णकटिबंधीय खेतीको मूल हो।,nepali,english
Growing food for local consumption is the core of tropical agriculture.,english,maithili
स्थानीय खपत के लेल खाद्यान्न उपजाना उष्णकटिबंधीय खेती के मूल छै।,maithili,english
There's also a national agriculture market portal so farmers can sell their produce online.,english,nepali
किसानले आफ्नो उत्पादन अनलाइन बेच्न सकोस् भनेर राष्ट्रिय कृषि बजार पोर्टल पनि छ।,nepali,english
There's also a national agriculture market portal so farmers can sell their produce online.,english,maithili
"किसान अपना उत्पादन ऑनलाइन बेच सकै, एकरा लेल राष्ट्रीय कृषि बाजार पोर्टल भी छै।",maithili,english