input_text,language
Bamboo is very thick and strong.,english
बाँस एकदम बाक्लो र बलियो हुन्छ।,nepali
Bamboo is very thick and strong.,english
बाँस एकदम मोटा आ मजबूत होइत छै।,maithili
"Because of lack of money, he couldn't use pesticide on time.",english
पैसाको अभावले गर्दा उसले समयमा कीटनाशक प्रयोग गर्न सकेन।,nepali
"Because of lack of money, he couldn't use pesticide on time.",english
पैसाक कमीक कारण ओ समय पर कीटनाशक प्रयोग नहि क' सकल।,maithili
Hem Singh Pruthi was a very famous agricultural scientist.,english
हेम सिंह प्रुथी धेरै प्रसिद्ध कृषि वैज्ञानिक थिए।,nepali
Hem Singh Pruthi was a very famous agricultural scientist.,english
हेम सिंह प्रुथी बहुत प्रसिद्ध कृषि वैज्ञानिक छलाह।,maithili
Artificial insemination was used to increase the number of sheep.,english
भेडाको संख्या बढाउन कृत्रिम गर्भाधानको सहायता लिइयो।,nepali
Artificial insemination was used to increase the number of sheep.,english
भेड़क संख्या बढ़ाब'क लेल कृत्रिम गर्भाधानक सहायता लेल गेल।,maithili
Fruit fiber is beneficial for human health.,english
फलको रेशा मान्छेको स्वास्थ्यको लागि लाभदायक हुन्छ।,nepali
Fruit fiber is beneficial for human health.,english
फलक रेशा मनुष्यक स्वास्थ्यक लेल लाभदायक होइत छै।,maithili
Gold production from mines consumes a lot of water.,english
खानीबाट प्राप्त सुन उत्पादनमा पानीको खपत धेरै हुन्छ।,nepali
Gold production from mines consumes a lot of water.,english
खानी सँ प्राप्त सोना उत्पादन मे पानीक खपत बहुत होइत छै।,maithili
The business grew through drinking water.,english
पिउने पानीको माध्यमबाट व्यापारमा वृद्धि भयो।,nepali
The business grew through drinking water.,english
पीबाक पानीक माध्यम सँ व्यापार मे वृद्धि भेल।,maithili
Plastic is laid to preserve moisture.,english
चिस्यान बचाउनको लागि प्लास्टिक ओछ्याइन्छ।,nepali
Plastic is laid to preserve moisture.,english
नमहर बचाब'क लेल प्लास्टिक बिछाओल जाइत छै।,maithili
"In drip irrigation, water is given to the plants drop by drop.",english
ड्रिप सिंचाईमा थोपा थोपा पानी बोटमा दिइन्छ।,nepali
"In drip irrigation, water is given to the plants drop by drop.",english
ड्रिप सिंचाई मे थोपा-थोपा पानी गाछ मे देल जाइत छै।,maithili
"To stop forest exploitation, protection from deforestation is necessary.",english
वनको शोषण रोक्न वन विनाशबाट सुरक्षाको लागि आवश्यक छ।,nepali
"To stop forest exploitation, protection from deforestation is necessary.",english
जंगलक शोषण रोक'क लेल वन विनाश सँ सुरक्षाक लेल आवश्यक छै।,maithili
Crop harvesting is done in two ways.,english
बालीको कटाई दुई तरिकाले हुन्छ।,nepali
Crop harvesting is done in two ways.,english
बालीक कटाई दू तरीका सँ होइत छै।,maithili
"With the help of some weeds, plant health increases.",english
केही झारपातको सहायताले बोटको स्वास्थ्यमा वृद्धि हुन्छ।,nepali
"With the help of some weeds, plant health increases.",english
किछु झारपातक सहायता सँ गाछक स्वास्थ्य मे वृद्धि होइत छै।,maithili
Rotator is used in areas with less water.,english
रोटेटरको प्रयोग कम पानी भएको क्षेत्रमा गरिन्छ।,nepali
Rotator is used in areas with less water.,english
रोटेटरक प्रयोग कम पानी वला क्षेत्र मे कएल जाइत छै।,maithili
Employment increased in the village from the commercial thread factory.,english
व्यावसायिक धागो कारखानाबाट गाउँमा रोजगारीको वृद्धि भयो।,nepali
Employment increased in the village from the commercial thread factory.,english
व्यावसायिक धागा कारखाना सँ गाम मे रोजगारक वृद्धि भेल।,maithili
"It is a pulp-like substance that is obtained from wood, etc.",english
यो लुदी जस्तो पदार्थ हो जुन काठ आदिबाट प्राप्त गरिन्छ।,nepali
"It is a pulp-like substance that is obtained from wood, etc.",english
ई लुदी जकाँ पदार्थ छै जे काठ आदि सँ प्राप्त कएल जाइत छै।,maithili
The trader displayed natural and artificial pearls.,english
व्यापारीले प्राकृतिक र कृत्रिम मोतीको प्रदर्शन गरे।,nepali
The trader displayed natural and artificial pearls.,english
व्यापारी प्राकृतिक आ कृत्रिम मोतीक प्रदर्शन केलक।,maithili
Many kinds of partridge dishes were available in the market.,english
बजारमा तित्राका धेरै प्रकारका परिकारहरू उपलब्ध थिए।,nepali
Many kinds of partridge dishes were available in the market.,english
बजार मे तितराक बहुत प्रकारक व्यंजन उपलब्ध छल।,maithili
"With the help of this machine, a lot of milk is milked in less time.",english
यो मेसिनको सहायताले कम समयमा धेरै दूध दुहिन्छ।,nepali
"With the help of this machine, a lot of milk is milked in less time.",english
ई मशीनक सहायता सँ कम समय मे बहुत दूध दुहल जाइत छै।,maithili
The future of agricultural machine manufacturers looks good in India.,english
भारतमा कृषि मेसिन निर्माताको भविष्य राम्रो देखिन्छ।,nepali
The future of agricultural machine manufacturers looks good in India.,english
भारत मे कृषि मशीन निर्माताक भविष्य नीक देखाइत छै।,maithili
A special type of cutter is attached to the back of the tractor.,english
ट्र्याक्टरको पछाडि एउटा विशेष प्रकारको कटर जडान गरिएको हुन्छ।,nepali
A special type of cutter is attached to the back of the tractor.,english
ट्रैक्टरक पाछाँ एकटा विशेष प्रकारक कटर जोड़ल गेल रहैत छै।,maithili
"In the village, livestock counting was done for the animals.",english
गाउँमा पशुहरूको लागि पशुधन गणना गरियो।,nepali
"In the village, livestock counting was done for the animals.",english
गाम मे पशु सभक लेल पशुधन गणना कएल गेल।,maithili
"Because of the tea garden, employment increased in the village.",english
चिया बगानले गर्दा गाउँमा रोजगारी बढ्यो।,nepali
"Because of the tea garden, employment increased in the village.",english
चिया बगानक कारण गाम मे रोजगार बढ़ल।,maithili
Domestic sheep are found in almost all states of our country.,english
घरेलु भेडा हाम्रो देशको लगभग सबै राज्यमा पाइन्छ।,nepali
Domestic sheep are found in almost all states of our country.,english
घरेलू भेड़ हमर देशक लगभग सब राज्य मे भेटाइत छै।,maithili
Genetically modified organisms have many physical properties.,english
आनुवंशिक रूपमा परिवर्तन गरिएका जीवमा धेरै शारीरिक गुण हुन्छ।,nepali
Genetically modified organisms have many physical properties.,english
आनुवंशिक रूप सँ परिवर्तन कएल गेल जीव मे बहुत शारीरिक गुण होइत छै।,maithili
This machine is used by food product manufacturers.,english
यो मेसिन खाद्य उत्पादक निर्माताहरूले प्रयोग गर्छन्।,nepali
This machine is used by food product manufacturers.,english
ई मशीन खाद्य उत्पादक निर्माता सभ प्रयोग करैत छै।,maithili
Water wastage was a matter of concern for the government.,english
पानीको बर्बादी सरकारको लागि चिन्ताको विषय थियो।,nepali
Water wastage was a matter of concern for the government.,english
पानीक बर्बादी सरकारक लेल चिंताक विषय छल।,maithili
The construction of the tractor made the work of the farmers easier.,english
ट्र्याक्टरको निर्माणले किसानहरूको काम सजिलो भयो।,nepali
The construction of the tractor made the work of the farmers easier.,english
ट्रैक्टरक निर्माण सँ किसान सभक काज आसान भ' गेल।,maithili
Meat was arranged for the crocodile's meal.,english
गोहीको भोजनको लागि मासुको व्यवस्था गरियो।,nepali
Meat was arranged for the crocodile's meal.,english
गोहीक भोजनक लेल मांसक व्यवस्था कएल गेल।,maithili
"After producing palm fruit, the farmer had to pay off the debt.",english
ताडको फल उत्पादन गरेपछि कृषकले ऋण तिर्नुपर्यो।,nepali
"After producing palm fruit, the farmer had to pay off the debt.",english
ताड़क फल उत्पादन करलाक बाद कृषक कें ऋण चुकाब' पड़ल।,maithili
"Due to lack of rain, there was drought in many places.",english
वर्षा नभएको कारणले धेरै ठाउँमा खडेरी लाग्यो।,nepali
"Due to lack of rain, there was drought in many places.",english
बरसात नहि भेलाक कारण बहुत जगह सूखा पड़ि गेल।,maithili
He bought some land to expand the garden.,english
बगैंचा विस्तार गर्नको लागि उहाँले केही जग्गा किन्नुभयो।,nepali
He bought some land to expand the garden.,english
बगैचा विस्तार कर'क लेल ओ किछु जमीन किनलनि।,maithili
"Farmers get milk, wool, eggs, etc. from animal husbandry.",english
"पशुपालनबाट कृषकले दूध, ऊन, अण्डा इत्यादि पाउँछन्।",nepali
"Farmers get milk, wool, eggs, etc. from animal husbandry.",english
"पशुपालन सँ कृषक कें दूध, ऊन, अंडा इत्यादि भेटैत छै।",maithili
Development happened in the district through the mustard factory.,english
तोरीको कारखानाको माध्यमबाट जिल्लामा विकास भयो।,nepali
Development happened in the district through the mustard factory.,english
तोरीक कारखानाक माध्यम सँ जिला मे विकास भेल।,maithili
Abeer has become very necessary for the construction of copper nets.,english
तामाको जाल निर्माणको लागि अबीर धेरै आवश्यक भइसक्यो।,nepali
Abeer has become very necessary for the construction of copper nets.,english
तामाक जाल निर्माणक लेल अबीर बहुत आवश्यक भ' गेल।,maithili
Goat intestines are used in musical instruments.,english
बाख्राको आन्द्रा वाद्ययन्त्रमा प्रयोग गरिन्छ।,nepali
Goat intestines are used in musical instruments.,english
बकरीक आंत वाद्ययंत्र मे प्रयोग कएल जाइत छै।,maithili
Farming-related festivals are held from time to time in Mithila.,english
खेती सम्बन्धी चाडपर्वहरू मिथिलामा समय-समयमा भइरहन्छन्।,nepali
Farming-related festivals are held from time to time in Mithila.,english
खेती संबंधी त्योहार मिथिला मे समय-समय पर होइत रहैत छै।,maithili
Agricultural robots are a gift of today's changing times.,english
कृषि रोबोट आजको बदलिँदो समयको देन हो।,nepali
Agricultural robots are a gift of today's changing times.,english
कृषि रोबोट आइ क' बदलैत समयक देन छै।,maithili
It is necessary to study written materials on the history of jute.,english
पटुवाको इतिहासको विषयमा लिखित सामग्रीको अध्ययन आवश्यक छ।,nepali
It is necessary to study written materials on the history of jute.,english
पटुआक इतिहासक विषय मे लिखित सामग्रीक अध्ययन आवश्यक छै।,maithili
Tissue culture is being used to speed up the production of timber.,english
इमारती काठको उत्पादनलाई गति दिन टिस्यु कल्चरको उपयोग गरिँदैछ।,nepali
Tissue culture is being used to speed up the production of timber.,english
इमारती काठक उत्पादन कें गति देब'क लेल टिशू कल्चरक उपयोग कएल जा रहल छै।,maithili
There was happiness in the village fair because of the group of animal herders.,english
पशु चराउनेहरूको समूहको कारण गाउँको मेलामा खुशियाली थियो।,nepali
There was happiness in the village fair because of the group of animal herders.,english
पशु चराब' वला सभक समूहक कारण गामक मेला मे खुशियाली छल।,maithili
There are three hundred breeds of goats available in the world.,english
संसारमा बाख्राको तीन सय प्रकारको नस्लहरू उपलब्ध छ।,nepali
There are three hundred breeds of goats available in the world.,english
संसार मे बकरीक तीन सौ प्रकारक नस्ल उपलब्ध छै।,maithili
"Hemp is used for rope, oil, cloth, etc.",english
"भाङको उपयोग डोरी, तेल, कपडा इत्यादिमा हुन्छ।",nepali
"Hemp is used for rope, oil, cloth, etc.",english
"भांगक उपयोग डोरी, तेल, कपड़ा इत्यादि मे होइत छै।",maithili
They were able to choose the best equipment from the advisor's suggestions.,english
सल्लाहकारको सुझावबाट उनीहरूले उत्तम उपकरणको चुनाव गर्न सके।,nepali
They were able to choose the best equipment from the advisor's suggestions.,english
सलाहकारक सुझाव सँ ओ सभ नीक उपकरणक चुनाव क' सकलाह।,maithili
"The main sources of gobraha paper are dung, manure, etc.",english
"गोबराहा कागजको मुख्य स्रोत गोबर, लिद इत्यादि हुन्छ।",nepali
"The main sources of gobraha paper are dung, manure, etc.",english
"गोबराहा कागजक मुख्य स्रोत गोबर, लिद इत्यादि होइत छै।",maithili
The farmer sheared the pashmina goats to get wool.,english
किसानले केशकर्तन गरेर पश्मिना बाख्राबाट ऊन प्राप्त गरे।,nepali
The farmer sheared the pashmina goats to get wool.,english
किसान केशकर्तन क' क' पश्मिना बकरी सँ ऊन प्राप्त केलक।,maithili
Excessive water exploitation occurs in factory areas.,english
पानीको अत्यधिक दोहन कारखाना भएको क्षेत्रमा हुन्छ।,nepali
Excessive water exploitation occurs in factory areas.,english
पानीक अत्यधिक दोहन कारखाना वला क्षेत्र मे होइत छै।,maithili
"Sickles, axes, trowels, etc. are used for harvesting hemp.",english
"भाङ कटनीको लागि हँसिया, टेंगारी, कुरिहर इत्यादिको उपयोग गरिन्छ।",nepali
"Sickles, axes, trowels, etc. are used for harvesting hemp.",english
"भांग कटनीक लेल हँसिया, टेंगारी, कुरिहर इत्यादिक उपयोग कएल जाइत छै।",maithili
Minimum Support Price is called न्यूनतम समर्थन मूल्य in Maithili.,english
मिनिमम सपोर्ट प्राइसलाई मैथिलीमा न्यूनतम समर्थन मूल्य भनिन्छ।,nepali
Minimum Support Price is called न्यूनतम समर्थन मूल्य in Maithili.,english
मिनिमम सपोर्ट प्राइस कें मैथिली मे न्यूनतम समर्थन मूल्य कहल जाइत छै।,maithili
Agriculture is very difficult in the mountains in remote areas.,english
दुर्गम क्षेत्रमा पहाडमा कृषि कार्य धेरै कठिन हुन्छ।,nepali
Agriculture is very difficult in the mountains in remote areas.,english
दुर्गम क्षेत्र मे पहाड़ पर कृषि काज बहुत कठिन होइत छै।,maithili
Pigeon pea seeds are transported to the factory.,english
रहरको बियाँलाई कारखानासम्म पुर्‍याइन्छ।,nepali
Pigeon pea seeds are transported to the factory.,english
रहरक बीया कें कारखाना तक पहुँचाओल जाइत छै।,maithili
Some benefits can be obtained from limited coffee consumption.,english
कफीको सीमित सेवनबाट केही फाइदा हुन सक्छ।,nepali
Some benefits can be obtained from limited coffee consumption.,english
कफीकेँ सिमित सेवन सँ किछु फायदा भऽ सकैत अछि।,maithili
Agricultural materials can be imported and exported through government certificates.,english
सरकारी प्रमाणपत्रको माध्यमबाट कृषि सामग्रीको आयात निर्यात गर्न सकिन्छ।,nepali
Agricultural materials can be imported and exported through government certificates.,english
सरकारी प्रमाणपत्रक माध्यम सँ कृषि सामग्रीक आयात निर्यात कएल जा सकैत अछि।,maithili
Farmers take their animals to the fields to graze.,english
किसानहरू आफ्नो पशुलाई खेतमा चराउनको लागि लैजान्छन्।,nepali
Farmers take their animals to the fields to graze.,english
किसान अपन पशुकेँ खेतमे चरावे लेल लऽ जाइत छथि।,maithili
Market price is determined by supply and demand.,english
बजार मूल्य माग र आपूर्तिबाट निर्धारण हुन्छ।,nepali
Market price is determined by supply and demand.,english
बजार मूल्य मांग आ आपूर्तिकेँ आधार पर तय होइत छै।,maithili
The goods are tied from both sides by placing them in the middle of the nadi.,english
नादीको बीचमा राखेर दुवैतिरबाट माललाई बाँधिन्छ।,nepali
The goods are tied from both sides by placing them in the middle of the nadi.,english
नादीकेँ बीचमे राखि दुनु तरफ सँ माल बाँधल जाइत छै।,maithili
Pure and cool water can be obtained from the well.,english
इनारबाट शुद्ध र शीतल जल प्राप्त गर्न सकिन्छ।,nepali
Pure and cool water can be obtained from the well.,english
कुआँ सँ शुद्ध आ शीतल जल प्राप्त कएल जा सकैत अछि।,maithili
Natural fiber is used for both eating and wearing.,english
प्राकृतिक रेशा खान र लगाउन दुवैमा उपयोग हुन्छ।,nepali
Natural fiber is used for both eating and wearing.,english
प्राकृतिक रेशा खाए आ पहिरए दुनूमे उपयोग होइत छै।,maithili
The milk pipeline should be checked from time to time.,english
दूधको पाइपलाइनलाई समय समयमा जाँच गरिरहनुपर्छ।,nepali
The milk pipeline should be checked from time to time.,english
दूधकेँ पाइपलाइनकेँ समय-समय पर जाँच करैत रहबाक चाही।,maithili
"India ranks first in the cultivation of sapota, lemon, and cashew.",english
"चीकू, नेमो, काजू यी सबै उपजाउनमा भारतको स्थान पहिलो छ।",nepali
"India ranks first in the cultivation of sapota, lemon, and cashew.",english
"चीकू, नेमो, काजू ई सभ उपजाएमे भारतक स्थान पहिल अछि।",maithili
India ranks second in rice cultivation worldwide.,english
संसारभरि चामल उपजाउनमा भारतको दोस्रो नम्बर छ।,nepali
India ranks second in rice cultivation worldwide.,english
दुनिया भरिमे चावल उपजाएमे भारतक दोसर नंबर अछि।,maithili
"During harvest time, crops are cut and grains are collected.",english
बाली काट्ने बेलामा कुनै पनि बाली काटेर अन्न जम्मा गरिन्छ।,nepali
"During harvest time, crops are cut and grains are collected.",english
बाली काटएकेँ समयमे कोनो बाली काटि अन्न जमा कएल जाइत छै।,maithili
"Even in villages, jute farming is not done anymore, that was a natural fiber.",english
"गाउँघरमा पनि अब जुटको खेती हुँदैन, त्यो प्राकृतिक रेशा थियो।",nepali
"Even in villages, jute farming is not done anymore, that was a natural fiber.",english
"गामघरमे सेहो आब जूटकेँ खेती नइँ होइत छै, ओ प्राकृतिक रेशा छल।",maithili
"Turnip is a root vegetable, which is grown in temperate climates.",english
"सलगम बोटको जरा हुने तरकारी हो, जुन टेम्परेट हावापानीमा उब्जाइन्छ।",nepali
"Turnip is a root vegetable, which is grown in temperate climates.",english
"शलगम गाछिक जड़ि होए वाला तरकारी छी, जे टेम्परेट हवापानीमे उपजाएल जाइत छै।",maithili
"In India, bananas are the most produced food item, followed by rice and wheat in second and third place.",english
"भारतमा खाद्य वस्तुहरूमा केरा सबैभन्दा बढी उब्जाइन्छ, धान गहुँ दोस्रो तेस्रो नम्बरमा पर्छन्।",nepali
"In India, bananas are the most produced food item, followed by rice and wheat in second and third place.",english
"भारतमे खाद्य वस्तुमे केला सभसँ बेसी उपजाएल जाइत छै, धान गेहूं दोसर तेसर नंबर पर पड़ैत छै।",maithili
"Timber, veneer, plywood and furniture are products of the wood industry.",english
"टिम्बर, विनीर, प्लाईवुड र फर्निचर काठ उद्योगका उत्पादन हुन्।",nepali
"Timber, veneer, plywood and furniture are products of the wood industry.",english
"टिम्बर, विनीर, प्लाईवुड आ फर्नीचर काठ उद्योगक उत्पादन छी।",maithili
Gas and water are found under the soil.,english
माटोमुनि ग्यास र पानी पाइन्छ।,nepali
Gas and water are found under the soil.,english
माटिक नीचाँ गैस आ पानी भेटैत छै।,maithili
"Due to excessive exploitation, the groundwater level is getting disturbed.",english
अत्यधिक दोहनका कारण भूमिगत जलस्तर गडबड भइरहेको छ।,nepali
"Due to excessive exploitation, the groundwater level is getting disturbed.",english
अत्यधिक दोहनकेँ कारण भूमिगत जलस्तर गड़बड़ भऽ रहल छै।,maithili
Paper is used for printing research articles.,english
कागज अनुसन्धान लेख छाप्नका लागि प्रयोग गरिन्छ।,nepali
Paper is used for printing research articles.,english
कागज अनुसंधान लेख छापै लेल प्रयोग कएल जाइत छै।,maithili
Rural people were given knowledge of crisis management.,english
ग्रामीण मानिसहरूलाई संकट व्यवस्थापनको ज्ञान दिइयो।,nepali
Rural people were given knowledge of crisis management.,english
ग्रामीण लोककेँ संकट प्रबंधनक ज्ञान देल गेल।,maithili
The waste from slaughtered chickens is taken to fish hatcheries.,english
कुखुरा काटेपछि निस्कने फोहोर माछाको ह्याचरीमा पुर्‍याइन्छ।,nepali
The waste from slaughtered chickens is taken to fish hatcheries.,english
कुक्कुर काटलाक बाद निकलए वाला फोहोर मछलिक हैचरीमे पहुँचाएल जाइत छै।,maithili
A midday meal program was started in the village school.,english
गाउँको विद्यालयमा मध्याह्न भोजन योजना सुरु गरियो।,nepali
A midday meal program was started in the village school.,english
गामक स्कूलमे मध्याह्न भोजन योजना शुरू कएल गेल।,maithili
Livestock farmers use grass or turf cutting machines.,english
घाँस वा दुबो काट्ने मेसिनको उपयोग पशुपालकहरूले गर्छन्।,nepali
Livestock farmers use grass or turf cutting machines.,english
घाँस वा दुब काटए वाला मशीनक उपयोग पशुपालक करैत छथि।,maithili
Farmers saved water through micro-irrigation.,english
सूक्ष्म सिँचाइले किसानहरूले पानीको बचत गरे।,nepali
Farmers saved water through micro-irrigation.,english
सूक्ष्म सिंचाई सँ किसान पानीक बचत केलनि।,maithili
The driver of a JCB must have a lot of patience.,english
जेसीबीको चालकले धेरै धैर्य राख्नुपर्छ।,nepali
The driver of a JCB must have a lot of patience.,english
जेसीबी चलावे वालाकेँ बहुत धैर्य राखए पड़ैत छै।,maithili
A cow's calf needs a lot of care.,english
गाईको बाछाको धेरै ध्यान राख्नुपर्छ।,nepali
A cow's calf needs a lot of care.,english
गाइक बाछाकेँ बहुत ध्यान राखए पड़ैत छै।,maithili
Many different types of natural materials are available on Earth.,english
पृथ्वीमा धेरै भिन्न-भिन्न प्रकारका प्राकृतिक सामग्री उपलब्ध छन्।,nepali
Many different types of natural materials are available on Earth.,english
पृथ्वी पर बहुत भिन्न-भिन्न प्रकारक प्राकृतिक सामग्री उपलब्ध अछि।,maithili
The government created the Pradhan Mantri Fasal Bima Yojana (Prime Minister's Crop Insurance Scheme) for farmers.,english
सरकारले किसानका लागि प्रधानमन्त्री फसल बीमा योजना बनायो।,nepali
The government created the Pradhan Mantri Fasal Bima Yojana (Prime Minister's Crop Insurance Scheme) for farmers.,english
सरकार किसान लेल प्रधानमंत्री फसल बीमा योजना बनेलकै।,maithili
The process of obtaining wool from sheep can be painful.,english
भेडाबाट ऊन प्राप्त गर्ने प्रक्रिया कष्टदायी हुन सक्छ।,nepali
The process of obtaining wool from sheep can be painful.,english
भेड़ सँ ऊन प्राप्त करएकेँ प्रक्रिया कष्टदायी भऽ सकैत छै।,maithili
The landlord hired many workers for the tea garden.,english
चिया बगानको लागि साहुकारले धेरै श्रमिकको नियुक्ति गर्यो।,nepali
The landlord hired many workers for the tea garden.,english
चिया बगान लेल साहूकार बहुत श्रमिककेँ नियुक्ति केलकै।,maithili
Rainwater is used in various types of work.,english
वर्षाको पानीको उपयोग विभिन्न प्रकारका काममा हुन्छ।,nepali
Rainwater is used in various types of work.,english
बरसातकेँ पानीक उपयोग विभिन्न प्रकारक काजमे होइत छै।,maithili
"This time, the flood destroyed a lot of crops.",english
बाढीले गर्दा यसपालि धेरै बाली नास भयो।,nepali
"This time, the flood destroyed a lot of crops.",english
बाढ़िकेँ कारण एहि बेर बहुत बाली नास भऽ गेल।,maithili
People used herbicide to clear the moss from their village pond.,english
मान्छेहरूले आफ्नो गाउँको पोखरीलाई झ्याउमुक्त बनाउन झ्याउनाशक औषधि प्रयोग गरे।,nepali
People used herbicide to clear the moss from their village pond.,english
लोक अपन गामक पोखरिकेँ झ्याउमुक्त बनावे लेल झ्याउनाशक दवाई प्रयोग केलनि।,maithili
Alpacas are found in large numbers in Peru.,english
पेरु देशमा अल्पाका धेरै संख्यामा पाइन्छ।,nepali
Alpacas are found in large numbers in Peru.,english
पेरू देशमे अल्पाका बहुत संख्यामे भेटैत छै।,maithili
Consuming less biofuel causes less damage to the environment.,english
जैविक इन्धनको खपत कम गर्दा वातावरणलाई कम क्षति हुन्छ।,nepali
Consuming less biofuel causes less damage to the environment.,english
जैविक ईंधनक खपत कम केला सँ वातावरणकेँ कम क्षति होइत छै।,maithili
Climate change affected the flowers a lot.,english
जलवायु परिवर्तनले फूललाई धेरै असर गर्यो।,nepali
Climate change affected the flowers a lot.,english
जलवायु परिवर्तन सँ फूलकेँ बहुत असर भेल।,maithili
Chemicals are needed to make paper.,english
कागज बनाउनको लागि रासायनिक पदार्थ चाहिन्छ।,nepali
Chemicals are needed to make paper.,english
कागज बनावे लेल रासायनिक पदार्थ चाही।,maithili
The government gave loans to farmers in Punjab for rice farming.,english
पंजाब राज्यमा धान खेतीको लागि सरकारले किसानलाई ऋण दियो।,nepali
The government gave loans to farmers in Punjab for rice farming.,english
पंजाब राज्यमे धान खेती लेल सरकार किसानकेँ ऋण देलकै।,maithili
Farmers have to work as laborers to repay the loan.,english
ऋण तिर्नको लागि किसानले ज्याला मजदुरी गर्नुपर्छ।,nepali
Farmers have to work as laborers to repay the loan.,english
ऋण चुकावे लेल किसानकेँ ज्याला मजदूरी करए पड़ैत छै।,maithili
Paper is also used as packing material.,english
प्याकिङको सामानको रूपमा पनि कागजको प्रयोग गरिन्छ।,nepali
Paper is also used as packing material.,english
पैकिंगकेँ सामानकेँ रूपमे सेहो कागजक प्रयोग कएल जाइत छै।,maithili
Seed banks have been established in rural areas of India.,english
भारतमा ग्रामीण क्षेत्रमा बीउ बैंकको स्थापना गरिएको छ।,nepali
Seed banks have been established in rural areas of India.,english
भारतमे ग्रामीण क्षेत्रमे बीउ बैंकक स्थापना कएल गेल छै।,maithili
Pure and cold water can be found in wells.,english
इनारबाट शुद्ध र चिसो पानी पाउन सकिन्छ।,nepali
Pure and cold water can be found in wells.,english
कुआँ सँ शुद्ध आ ठंडा पानी भेट सकैत अछि।,maithili
The job of the Agricultural Produce Market Committee is to determine fair prices.,english
कृषि उपज बजार समितिको काम उचित मूल्य निर्धारण गर्नु हो।,nepali
The job of the Agricultural Produce Market Committee is to determine fair prices.,english
कृषि उपज बाजार समितिक काज उचित मूल्य निर्धारण करनाइ होइत छै।,maithili
Sandy soil is considered a very good soil in India.,english
बलौटे माटो भारतमा धेरै राम्रो माटो मानिन्छ।,nepali
Sandy soil is considered a very good soil in India.,english
बलुआ माटि भारतमे बहुत नीक माटि मानल जाइत छै।,maithili
Wool is sheared from a sheep's body once a year.,english
भेडाको शरीरबाट वर्षमा एक पटक ऊन काटिन्छ।,nepali
Wool is sheared from a sheep's body once a year.,english
भेड़केँ शरीर सँ वर्षमे एक बेर ऊन काटल जाइत छै।,maithili
Good feed is necessary for cow's milk production.,english
राम्रो खाद्य पदार्थ गाईको दूध उत्पादनको लागि आवश्यक हुन्छ।,nepali
Good feed is necessary for cow's milk production.,english
नीक खाद्य पदार्थ गाईकेँ दूध उत्पादन लेल आवश्यक होइत छै।,maithili
Using biogas can conserve old biofuels.,english
बायो ग्यासको प्रयोगले पुरानो जैविक इन्धनको संरक्षण हुन सक्छ।,nepali
Using biogas can conserve old biofuels.,english
बायो गैसकेँ प्रयोग सँ पुरान जैविक ईंधनक संरक्षण भऽ सकैत छै।,maithili
The Ministry of Energy examined the negative effects of biofuels.,english
ऊर्जा मन्त्रालयले जैविक इन्धनको नकारात्मक असरको जाँच गर्यो।,nepali
The Ministry of Energy examined the negative effects of biofuels.,english
ऊर्जा मंत्रालय जैविक ईंधनक नकारात्मक असरक जाँच केलकै।,maithili
Germination is a natural and slow process.,english
अंकुराउनु एक प्राकृतिक र ढिलो प्रक्रिया हो।,nepali
Germination is a natural and slow process.,english
अंकुराएल एक प्राकृतिक आ ढील प्रक्रिया छी।,maithili
A leaf sensor is a type of device used for irrigation.,english
"पातको सेन्सर एक प्रकारको उपकरण हो, जसको प्रयोग सिँचाइको लागि हुन्छ।",nepali
A leaf sensor is a type of device used for irrigation.,english
"पातकेँ सेंसर एक प्रकारक उपकरण छी, जकर प्रयोग सिंचाई लेल होइत छै।",maithili
There was a fight in the family over ten kattha of land.,english
परिवारमा दश कट्ठा जमिनको लागि झगडा भयो।,nepali
There was a fight in the family over ten kattha of land.,english
परिवारमे दस कट्ठा जमीन लेल झगड़ा भेल।,maithili
Is there any variety where weeds don't grow?,english
कुनै यस्तो जात छ र जहाँ झारपात नउम्रियोस्?,nepali
Is there any variety where weeds don't grow?,english
कोनो एहन जात अछि जतय झारपात नहिं उगे?,maithili
He bought two kattha of land in the village.,english
उहाँले गाउँमा दुई कट्ठा जग्गा किन्नुभयो।,nepali
He bought two kattha of land in the village.,english
ओ गांउमे दू कट्ठा जमीन किनलनि।,maithili
"After the Green Revolution, the use of agricultural chemicals increased.",english
हरित क्रान्तिपछि कृषि रसायनको प्रयोगमा वृद्धि भयो।,nepali
"After the Green Revolution, the use of agricultural chemicals increased.",english
हरित क्रान्ति के बाद कृषि रसायन के प्रयोग मे बढोत्तरी भेल।,maithili
Indian Chemical Institute is a very big producer of agricultural chemicals.,english
भारत रसायन संस्थान कृषि रसायनको धेरै ठूलो उत्पादक हो।,nepali
Indian Chemical Institute is a very big producer of agricultural chemicals.,english
भारत रसायन संस्थान कृषि रसायन के बहुत पैघ उत्पादक अछि।,maithili
The increase in sea fish in the market has increased trade.,english
बजारमा समुद्री माछाको वृद्धिले व्यापारमा वृद्धि भयो।,nepali
The increase in sea fish in the market has increased trade.,english
बजार मे समुद्री मछली के बढोतरी से व्यापार मे बढोतरी भेल।,maithili
The agricultural equipment manufacturers organization manufactures modern equipment every year.,english
कृषि उपकरण निर्माता संगठनले प्रति वर्ष आधुनिक उपकरणहरू निर्माण गर्छ।,nepali
The agricultural equipment manufacturers organization manufactures modern equipment every year.,english
कृषि उपकरण निर्माता संगठन प्रति वर्ष आधुनिक उपकरण बनाबैत अछि।,maithili
Organic gardening does not adversely affect human health.,english
जैविक बागवानीले मानिसको स्वास्थ्यमा नराम्रो असर पार्दैन।,nepali
Organic gardening does not adversely affect human health.,english
जैविक बागवानी से मनुष्य के स्वास्थ्य पर खराब असर नहिं पडैत अछि।,maithili
The Prime Minister worked for the development of the agricultural sector.,english
प्रधानमन्त्रीले कृषि क्षेत्रको विकासको लागि काम गर्नुभयो।,nepali
The Prime Minister worked for the development of the agricultural sector.,english
प्रधानमन्त्री कृषि क्षेत्र के विकास के लेल काज केलनि।,maithili
Bamboo is used a lot in the textile industry.,english
कपडा उद्योगमा बाँसको उपयोग धेरै हुन्छ।,nepali
Bamboo is used a lot in the textile industry.,english
कपडा उद्योग मे बांस के उपयोग बहुत होएत अछि।,maithili
The government creates the mandi system in India.,english
भारतमा मंडी प्रणालीको व्यवस्था सरकारले निर्माण गर्छ।,nepali
The government creates the mandi system in India.,english
भारत मे मंडी प्रणाली के व्यवस्था सरकार बनबैत अछि।,maithili
Different types of trees are found in India.,english
भारतमा विभिन्न प्रकारका रुख पाइन्छ।,nepali
Different types of trees are found in India.,english
भारत मे विभिन्न प्रकार के गाछ भेटैत अछि।,maithili
"After threshing, the grain is separated from the chaff.",english
दौनी गरेपछि जातबाट दाना अलग हुन्छ।,nepali
"After threshing, the grain is separated from the chaff.",english
दौनी केला के बाद जात से दाना अलग होएत अछि।,maithili
"Carpets, curtains, ropes, etc. are made from jute.",english
"पटुवाबाट गलैँचा, पर्दा, डोरी इत्यादि बनाइन्छ।",nepali
"Carpets, curtains, ropes, etc. are made from jute.",english
"पटुआ से गलैचा, पर्दा, डोरी इत्यादि बनाओल जाएत अछि।",maithili
Expanding the forest is necessary to boost the economy.,english
अर्थतन्त्रलाई अगाडि बढाउनको लागि जङ्गलको विस्तार आवश्यक छ।,nepali
Expanding the forest is necessary to boost the economy.,english
अर्थतन्त्र के आगू बढावे के लेल जंगल के विस्तार जरूरी अछि।,maithili
Farmers should use the best equipment to prepare the soil.,english
किसानले माटो तयार गर्नको लागि उत्तम उपकरणको उपयोग गर्नुपर्छ।,nepali
Farmers should use the best equipment to prepare the soil.,english
किसान के माटि तैयार करे के लेल उत्तम उपकरण के उपयोग करे के चाही।,maithili
The farmer produced watermelon fruit with a lot of hard work.,english
किसानले धेरै परिश्रम गरेर खरबुजा फलको उत्पादन गरे।,nepali
The farmer produced watermelon fruit with a lot of hard work.,english
किसान बहुत परिश्रम क के खरबुजा फल के उत्पादन केलनि।,maithili
Combined machinery has a very important role in the agricultural sector.,english
संयुक्त यन्त्रको कृषि क्षेत्रमा धेरै महत्त्वपूर्ण भूमिका छ।,nepali
Combined machinery has a very important role in the agricultural sector.,english
संयुक्त यन्त्र के कृषि क्षेत्र मे बहुत महत्वपूर्ण भूमिका अछि।,maithili
Nutrient requirements depend on the age of the cow.,english
पोषक तत्वको आवश्यकता गाईको उमेरमा निर्भर गर्छ।,nepali
Nutrient requirements depend on the age of the cow.,english
पोषक तत्व के आवश्यकता गाई के उमिर पर निर्भर करैत अछि।,maithili
Bamboo is the main source of bamboo paper.,english
बाँस कागजको मुख्य स्रोत बाँस हो।,nepali
Bamboo is the main source of bamboo paper.,english
बांस कागज के मुख्य स्रोत बांस अछि।,maithili
"A large, airy house is needed to raise chickens.",english
कुखुरा पालन गर्नको लागि एउटा ठूलो हावादार घरको आवश्यकता पर्छ।,nepali
"A large, airy house is needed to raise chickens.",english
कुखुरा पालन करे के लेल एकटा पैघ हवादार घर के आवश्यकता पडैत अछि।,maithili
"Under the Pradhan Mantri Kisan Mandhan Yojana, farmers receive some amount monthly.",english
प्रधानमन्त्री किसान मानधन योजनाबाट किसानले मासिक रूपमा केही रकम पाउँछन्।,nepali
"Under the Pradhan Mantri Kisan Mandhan Yojana, farmers receive some amount monthly.",english
प्रधानमन्त्री किसान मानधन योजना से किसान के मासिक रूप से किछु रकम भेटैत छै।,maithili
Betel nut traders displayed different types of betel nuts.,english
सुपारी व्यापारीहरूले विभिन्न प्रकारका सुपारी प्रदर्शन गरे।,nepali
Betel nut traders displayed different types of betel nuts.,english
सुपारी व्यापारी सब विभिन्न प्रकार के सुपारी प्रदर्शन केलनि।,maithili
The aim of the midday meal scheme is to provide nutritious food to students.,english
मध्यान्ह भोजन योजनाको उद्देश्य विद्यार्थीहरूलाई पौष्टिक आहार प्रदान गर्नु हो।,nepali
The aim of the midday meal scheme is to provide nutritious food to students.,english
मध्यान्ह भोजन योजना के उद्देश्य विद्यार्थी सब के पौष्टिक आहार प्रदान करनाई अछि।,maithili
"Generally, its seeds are planted after making a hole.",english
सामान्यतया यसको बिउलाई प्वाल पारेर रोपिन्छ।,nepali
"Generally, its seeds are planted after making a hole.",english
सामान्यतया एकर बिआ के छेद क के रोपायल जाएत अछि।,maithili
Its largest producer country is Indonesia.,english
यसको सबैभन्दा ठूलो उत्पादक देश इन्डोनेसिया हो।,nepali
Its largest producer country is Indonesia.,english
एकर सबस पैघ उत्पादक देश इंडोनेशिया अछि।,maithili
"Chicken feed contains many chemicals, which are harmful to human health.",english
"कुखुराको दानामा धेरै रसायन हुन्छ, जुन मानव स्वास्थ्यको लागि हानिकारक हुन्छ।",nepali
"Chicken feed contains many chemicals, which are harmful to human health.",english
"कुखुरा के दाना मे बहुत रसायन होएत अछि, जे मानव स्वास्थ्य के लेल हानिकारक होएत अछि।",maithili
A pomegranate has hundreds of small juicy seeds.,english
एउटा अनारमा सयौं स-साना रसिलो दाना हुन्छन्।,nepali
A pomegranate has hundreds of small juicy seeds.,english
एकटा अनार मे सैकडों छोट-छोट रसीला दाना होएत अछि।,maithili
This festival happens at different times because of different climates and crops around the world.,english
विश्वभरि जलवायु र बालीमा फरक भएकाले यो उत्सव फरक-फरक समयमा हुन्छ।,nepali
This festival happens at different times because of different climates and crops around the world.,english
विश्वभरि मे जलवायु आ बाली मे फरक भेला के कारण ई उत्सव अलग-अलग समय मे होएत अछि।,maithili
Ethanol fuel is used worldwide as biofuel.,english
विश्वभरि इथेनोल इन्धनको प्रयोग जैविक इन्धनको रूपमा हुन्छ।,nepali
Ethanol fuel is used worldwide as biofuel.,english
विश्वभरि मे इथेनोल ईंधन के प्रयोग जैविक ईंधन के रूप मे होएत अछि।,maithili
Nematicides are very dangerous poisonous substances.,english
नेमाटिसाइड्स धेरै खतरनाक विषालु पदार्थ हुन्छ।,nepali
Nematicides are very dangerous poisonous substances.,english
नेमाटिसाइड्स बहुत खतरनाक विषैला पदार्थ होएत अछि।,maithili
"If someone eats the flower or leaf of an oleander, they can get sick because it is poisonous.",english
"ओलियन्डरको फूल, पात केही खाएमा मान्छे बिरामी हुनसक्छ, किनकि यो विषालु हुन्छ।",nepali
"If someone eats the flower or leaf of an oleander, they can get sick because it is poisonous.",english
"ओलियन्डर के फूल, पात किछु खएला पर आदमी बीमार भ सकैत अछि, किए कि ई विषैला होएत अछि।",maithili
"Animals have many types of diseases, which can be divided into three categories.",english
"जनावरहरूमा धेरै प्रकारका रोगहरू हुन्छन्, जसलाई तीन वर्गमा विभाजन गर्न सकिन्छ।",nepali
"Animals have many types of diseases, which can be divided into three categories.",english
"जानवर सब मे बहुत प्रकार के रोग होएत अछि, जकरा तीन वर्ग मे विभाजित कएल जा सकैत अछि।",maithili
"This fruit has a texture like an egg yolk, so it is called egg fruit.",english
"यो फलमा अण्डाको पहेंलो भाग जस्तो बनावट हुन्छ, त्यसैले यसलाई एग फ्रुट भनिन्छ।",nepali
"This fruit has a texture like an egg yolk, so it is called egg fruit.",english
"ई फल मे अंडा के पियर भाग जका बनावट होएत अछि, तेकर लेल एकरा एग फ्रुट कहल जाएत अछि।",maithili
"Tobacco for bidis is grown in sandy, black, and loamy soil.",english
"बिडीको लागि तम्बाकू बलौटे, कालो र दोमट माटोमा उब्जाउ गरिन्छ।",nepali
"Tobacco for bidis is grown in sandy, black, and loamy soil.",english
"बिडी के लेल तम्बाकू बलुआ, करिया आ दोमट माटि मे उपजाओल जाएत अछि।",maithili
A mushroom with a white cap and a red stem is not edible.,english
सेतो छाता र रातो डाँठ भएको च्याउ खान योग्य हुँदैन।,nepali
A mushroom with a white cap and a red stem is not edible.,english
उज्जर छाता आ लाल डाँठ वाला च्याउ खाए योग्य नहिं होएत अछि।,maithili
Chennai faced a water crisis due to water scarcity.,english
पानीको अभावका कारण चेन्नईमा जल संकट उत्पन्न भयो।,nepali
Chennai faced a water crisis due to water scarcity.,english
पानी के अभाव के कारण चेन्नई मे जल संकट उत्पन्न भेल।,maithili
Marwari sheep are found in various districts of the state of Rajasthan.,english
मारवाडी भेडा राजस्थान राज्यका विभिन्न जिल्लामा पाइन्छ।,nepali
Marwari sheep are found in various districts of the state of Rajasthan.,english
मारवाडी भेडा राजस्थान राज्य के विभिन्न जिला मे भेटैत अछि।,maithili
Natural fibers originate from trees and animals.,english
प्राकृतिक रेशाको उत्पत्ति रूख र जनावरबाट हुन्छ।,nepali
Natural fibers originate from trees and animals.,english
प्राकृतिक रेशा के उत्पत्ति गाछ आ जानवर से होएत अछि।,maithili
"The woodworm includes names like garar, ghun, bhem, etc.",english
"काठको कीरामा गरार, घुन, भेम इत्यादिको नाम लिइन्छ।",nepali
"The woodworm includes names like garar, ghun, bhem, etc.",english
"काठ के कीड़ा मे गरार, घुन, भेम इत्यादिक के नाम लेल जाएत अछि।",maithili
But animal exploitation has increased due to rearing.,english
तर पालनपोषणका कारण पशु शोषणमा वृद्धि भएको छ।,nepali
But animal exploitation has increased due to rearing.,english
मुदा पालनपोषण के कारण पशु शोषण मे बढोतरी भेल अछि।,maithili
"In villages, animal husbandry is done a lot.",english
गाउँघरतिर पशुपालन धेरै गरिन्छ।,nepali
"In villages, animal husbandry is done a lot.",english
गांउघर तरफ पशुपालन बहुत कएल जाएत अछि।,maithili
The demand for sprouted seeds increased to get a good harvest.,english
राम्रो फसल प्राप्त गर्न अंकुरित बीउको मागमा वृद्धि भयो।,nepali
The demand for sprouted seeds increased to get a good harvest.,english
नीक फसल प्राप्त करे के लेल अंकुरित बिआ के मांग मे बढोतरी भेल।,maithili
This machine has a vacuum system attached.,english
यो मेसिनमा एउटा भ्याकुम सिस्टम लागेको हुन्छ।,nepali
This machine has a vacuum system attached.,english
ई मशीन मे एकटा भ्याकुम सिस्टम लागल रहैत अछि।,maithili
"After proving eligibility for financial assistance, help was received.",english
वित्तीय सहयोगको लागि योग्यता प्रमाणित भएपछि सहयोग पाइयो।,nepali
"After proving eligibility for financial assistance, help was received.",english
वित्तीय सहयोग के लेल योग्यता प्रमाणित भेला के बाद सहयोग भेटल।,maithili
Farming without irrigation is called dry farming.,english
सिँचाइ बिनाको खेतीलाई सुख्खा खेती भनिन्छ।,nepali
Farming without irrigation is called dry farming.,english
सिंचाई बिना के खेती के सूखा खेती कहल जाएत अछि।,maithili
"To protect the crop from rats, the farmer used rodenticide.",english
बालीलाई मुसाबाट बचाउन किसानले कृन्तकनाशकको प्रयोग गरे।,nepali
"To protect the crop from rats, the farmer used rodenticide.",english
बाली के मुसा से बचावे के लेल किसान कृन्तकनाशक के प्रयोग केलनि।,maithili
Thread is made with the help of a spinning wheel.,english
चरखाको सहयोगले धागो तयार गरिन्छ।,nepali
Thread is made with the help of a spinning wheel.,english
चरखा के सहयोग से धागा तैयार कएल जाएत अछि।,maithili
Agroforestry increases the income of farmers many times over.,english
वृक्षारोपण खेतीले किसानको आम्दानी धेरै गुणा बढ्छ।,nepali
Agroforestry increases the income of farmers many times over.,english
वृक्षारोपण खेती से किसान के आमदनी बहुत गुना बढैत अछि।,maithili
The need for Maddu or Madda irrigation system is not felt in Mithila.,english
मद्दु वा मद्दा सिँचाइ व्यवस्थाको आवश्यकता मिथिलामा महसुस हुँदैन।,nepali
The need for Maddu or Madda irrigation system is not felt in Mithila.,english
मद्दु वा मद्दा सिंचाई व्यवस्था के आवश्यकता मिथिला मे महसूस नहिं होएत अछि।,maithili
Many writers have called sheep grazing an ecological crisis.,english
धेरै लेखकले भेडा चराउने कामलाई पारिस्थितिक संकट भनेका छन्।,nepali
Many writers have called sheep grazing an ecological crisis.,english
बहुत लेखक भेडा चरावे के काज के पारिस्थितिक संकट कहने छथि।,maithili
The combined machine has a very important role in agriculture.,english
संयुक्त यन्त्रको कृषि क्षेत्रमा धेरै महत्त्वपूर्ण भूमिका छ।,nepali
The combined machine has a very important role in agriculture.,english
संयुक्त यन्त्रक कृषि क्षेत्रमे बहुत महत्वपूर्ण भूमिका छै।,maithili
The Minister of Agriculture was very happy with the National Food Security Mission.,english
राष्ट्रिय खाद्य सुरक्षा मिशनबाट कृषि मन्त्री धेरै खुसी हुनुहुन्थ्यो।,nepali
The Minister of Agriculture was very happy with the National Food Security Mission.,english
राष्ट्रिय खाद्य सुरक्षा मिशनसँ कृषि मंत्री बहुत खुश रहैथ।,maithili
"After the method of obtaining gold from the bark of lemon trees comes to Mithila, employment opportunities will increase.",english
निम्बुको रुखको बोक्राबाट सुन प्राप्त गर्ने विधि मिथिलामा आएपछि रोजगारीको अवसर बढ्नेछ।,nepali
"After the method of obtaining gold from the bark of lemon trees comes to Mithila, employment opportunities will increase.",english
नेबुक गाछक बोकसँ सोना निकालएके विधि मिथिलामे आएला पर रोजगारक अवसर बढ्हत।,maithili
"Due to the shortage of tomatoes, the price increased.",english
टमाटरको अभावका कारण मूल्यमा वृद्धि भयो।,nepali
"Due to the shortage of tomatoes, the price increased.",english
टमाटरक अभावके कारण दाममे बढोत्तरी भेल।,maithili
The farmer produced santola and sold it in the market.,english
किसानले सन्तोला उत्पादन गरेर बजारमा बेचे।,nepali
The farmer produced santola and sold it in the market.,english
किसान सन्तोला उपजाके बाजारमे बेचलक।,maithili
The humidity level is very high in some parts of South India.,english
दक्षिण भारतका केही क्षेत्रमा आद्रताको स्तर धेरै हुन्छ।,nepali
The humidity level is very high in some parts of South India.,english
दक्षिण भारतक किछु क्षेत्रमे आद्रताक स्तर बहुत बेसी होइत छै।,maithili
Wool on the sheep's mouth can cause many diseases.,english
भेडाको मुखमा ऊनले धेरै रोग निम्त्याउन सक्छ।,nepali
Wool on the sheep's mouth can cause many diseases.,english
भेड़ोक मुहमे ऊन बहुत रोगके कारण बन सकैत अछि।,maithili
His equipment was destroyed due to woodworm.,english
काठको कीराले गर्दा उसको उपकरण नष्ट भयो।,nepali
His equipment was destroyed due to woodworm.,english
काठक कीड़ाके कारण ओकर उपकरण नष्ट भ गेल।,maithili
Cocoa is used a lot in India.,english
भारतमा कोकोको उपयोग धेरै गरिन्छ।,nepali
Cocoa is used a lot in India.,english
भारतमे कोकोक उपयोग बहुत कएल जाइत अछि।,maithili
Dairy cows produce more milk than other cows.,english
डेरी गाईले अन्य गाईभन्दा धेरै दूध उत्पादन गर्छ।,nepali
Dairy cows produce more milk than other cows.,english
डेरी गाई दोसर गाईसँ बेसी दूध उत्पादन करैत अछि।,maithili
This machine has a really sharp grass cutting blade.,english
यो मेसिनमा घाँस काट्ने ब्लेड एकदमै धारिलो हुन्छ।,nepali
This machine has a really sharp grass cutting blade.,english
ई मशीनमे घास काटे वाला ब्लेड एकदम तेज होइत छै।,maithili
The government should ensure proper use of fertile land.,english
सरकारले मलिलो जमिनको सही उपयोग गराउनुपर्छ।,nepali
The government should ensure proper use of fertile land.,english
सरकारके मलहड़ जमीनक सही उपयोग करेबाक चाही।,maithili
The wood business suffered a lot due to the Corona pandemic.,english
कोरोना महामारीले गर्दा काठको व्यापारमा धेरै नोक्सान भयो।,nepali
The wood business suffered a lot due to the Corona pandemic.,english
कोरोना महामारीके कारण काठक व्यापारमे बहुत नुकसान भेल।,maithili
The farmer asked for help to apply for financial assistance.,english
किसानले आर्थिक सहयोगको लागि निवेदन दिन सहयोग मागे।,nepali
The farmer asked for help to apply for financial assistance.,english
किसान आर्थिक सहयोगके लेल आवेदन देबाक लेल मदद मँगने छल।,maithili
Rat poison is poison for rats.,english
मुसा मार्ने विष मुसाको लागि विष हो।,nepali
Rat poison is poison for rats.,english
मुसा मारे वाला जहर मुसाके लेल विष होइत छै।,maithili
They were able to expand agriculture because of the agricultural infrastructure fund.,english
कृषि पूर्वाधार कोषको कारणले उनीहरुले कृषि विस्तार गर्न सके।,nepali
They were able to expand agriculture because of the agricultural infrastructure fund.,english
कृषि पूर्वाधार कोषके कारण ओ सब कृषि विस्तार कए सकल।,maithili
"Due to the invention of machines, many working people's jobs were affected.",english
मेसिनको आविष्कारले गर्दा धेरै काम गर्ने मान्छेहरुको रोजगारीमा असर पर्यो।,nepali
"Due to the invention of machines, many working people's jobs were affected.",english
मशीनक आविष्कारके कारण बहुत काम करे वाला लोगक रोजगार पर असर पड़ल।,maithili
Organic fertilizer does not destroy the fertility of the soil.,english
जैविक मलले जमिनको उर्वरा शक्ति नष्ट गर्दैन।,nepali
Organic fertilizer does not destroy the fertility of the soil.,english
जैविक खाद जमीनक उर्वरा शक्ति नष्ट नै करैत अछि।,maithili
The corrupt employee didn't give the livestock insurance money to the farmer.,english
भ्रष्ट कर्मचारीले पशु बीमा योजनाको पैसा किसानलाई दिएन।,nepali
The corrupt employee didn't give the livestock insurance money to the farmer.,english
भ्रष्ट कर्मचारी पशु बीमा योजनाक पैसा किसानके नै देलक।,maithili
The lack of nutrients affected the fertility of the sheep.,english
पोषक तत्वको कमीले गर्दा भेडाको प्रजनन क्षमतामा असर गर्यो।,nepali
The lack of nutrients affected the fertility of the sheep.,english
पोषक तत्वक कमीके कारण भेड़ोक प्रजनन क्षमता पर असर पड़ल।,maithili
The farmer applied to the officer for a permit to expand his business.,english
किसानले व्यापार बढाउनको लागि अधिकारीलाई अनुमति पत्रको लागि निवेदन दिए।,nepali
The farmer applied to the officer for a permit to expand his business.,english
किसान व्यापार बढ़ावेके लेल अधिकारीसँ अनुमति पत्रके लेल आवेदन देलक।,maithili
Antarctica has a large source of the world's frozen water.,english
अन्टार्टिकामा विश्वको धेरै जमेको पानीको स्रोत छ।,nepali
Antarctica has a large source of the world's frozen water.,english
अंटार्कटिकामे दुनियाक बहुत जमल पानीक स्रोत छै।,maithili
The arthropod is a major component for the invertebrate fauna.,english
कठिनी जीवजगतमा संधिपाद जीवको लागि एउटा मुख्य भाग हो।,nepali
The arthropod is a major component for the invertebrate fauna.,english
कठिनी जीवजगतमे संधिपाद जीवके लेल एकटा मुख्य भाग होइत छै।,maithili
Plowing with a subsoiler loosens the soil and results in good production.,english
सबसॉइलरले जोत्दा माटो खुकुलो हुन्छ र राम्रो उत्पादन हुन्छ।,nepali
Plowing with a subsoiler loosens the soil and results in good production.,english
सबसॉइलरसँ जोतला पर माटि ढीला होइत छै आ नीक उत्पादन होइत छै।,maithili
A sheep produces about thirty liters of methane gas per day.,english
एउटा भेडाले दिनमा लगभग तीस लिटर मिथेन ग्यास उत्पादन गर्छ।,nepali
A sheep produces about thirty liters of methane gas per day.,english
एकटा भेड़ा दिनमे लगभग तीस लीटर मिथेन गैस उत्पादन करैत छै।,maithili
Dates from Arab countries are considered high quality.,english
अरब देशको खजुरलाई उच्च गुणस्तरको मानिन्छ।,nepali
Dates from Arab countries are considered high quality.,english
अरब देशक खजूरके उच्च गुणवत्ताक मानल जाइत अछि।,maithili
Pima is considered the finest cotton in the world.,english
पीमालाई संसारकै सबैभन्दा उत्तम कपास मानिन्छ।,nepali
Pima is considered the finest cotton in the world.,english
पीमाके दुनियाक सबसँ उत्तम कपास मानल जाइत अछि।,maithili
The farmer leader and the then Development Minister of Punjab started the Mandi system.,english
किसान नेता र पञ्जाबका तत्कालीन विकास मन्त्रीले मंडी प्रणाली सुरु गरेका थिए।,nepali
The farmer leader and the then Development Minister of Punjab started the Mandi system.,english
किसान नेता आ पंजाबक तत्कालीन विकास मंत्री मंडी प्रणाली शुरू कएने छल।,maithili
The main objective of animal welfare is the freedom to recover from crisis and behave normally.,english
संकटबाट मुक्त भएर सामान्य व्यवहार गर्न पाउने स्वतन्त्रता पशु कल्याणको मुख्य उद्देश्य हो।,nepali
The main objective of animal welfare is the freedom to recover from crisis and behave normally.,english
संकटसँ मुक्त भऽके सामान्य व्यवहार करेके स्वतंत्रता पशु कल्याणक मुख्य उद्देश्य होइत छै।,maithili
"Red chili is not good for everyone, it can cause stomach irritation, pain, and diarrhea.",english
"रातो खुर्सानी सबैको लागि राम्रो हुँदैन, यसले पेटमा जलन, दुख्ने र पखाला लाग्न सक्छ।",nepali
"Red chili is not good for everyone, it can cause stomach irritation, pain, and diarrhea.",english
"लाल मिर्च सबके लेल नीक नै होइत छै, एकरासँ पेटमे जलन, दर्द आ दस्त भऽ सकैत छै।",maithili
"Dried tobacco leaves are used for bidi, cigarettes, and chewing tobacco.",english
"सुकेको सुर्तीको पातलाई बिँडी, सिगरेट र चपाउने सुर्तीमा प्रयोग गरिन्छ।",nepali
"Dried tobacco leaves are used for bidi, cigarettes, and chewing tobacco.",english
"सुखल सुर्तीक पत्ताके बीड़ी, सिगरेट आ चबावे वाला सुर्तीमे प्रयोग कएल जाइत अछि।",maithili
"If the flower gets a disease, it affects production and reduces the farmer's income.",english
फूलमा रोग लाग्यो भने उत्पादनमा असर पर्छ र किसानको आम्दानी घट्छ।,nepali
"If the flower gets a disease, it affects production and reduces the farmer's income.",english
फूलमे रोग लागला पर उत्पादन पर असर पड़ैत छै आ किसानक आमदनी घटि जाइत छै।,maithili
A mushroom is a spore-bearing fruit that grows above ground. It's made from fungus.,english
"च्याउ एउटा बीजाणुयुक्त फल हो, जुन जमिनमाथि उम्रन्छ। यो ढुसीबाट बन्छ।",nepali
A mushroom is a spore-bearing fruit that grows above ground. It's made from fungus.,english
"च्याउ एकटा बीजाणुयुक्त फल होइत छै, जे जमीन पर उगैत छै। ई ढुसीसँ बनैत छै।",maithili
Broken wheat is a high-protein food that has no fat.,english
"टुटेको गहुँ उच्च प्रोटिन भएको खाना हो, जसमा चिल्लो हुँदैन।",nepali
Broken wheat is a high-protein food that has no fat.,english
"टूटल गेहूं उच्च प्रोटीन वाला खाना होइत छै, जहिमे चर्बी नै होइत छै।",maithili
"Paper is commercially prepared for printing, writing, and packaging.",english
"कागजलाई छाप्न, लेख्न र प्याकेजिङको लागि व्यावसायिक रूपमा तयार गरिन्छ।",nepali
"Paper is commercially prepared for printing, writing, and packaging.",english
"कागजके छापे, लिखे आ पैकेजिंगके लेल व्यावसायिक रूपसँ तैयार कएल जाइत अछि।",maithili
It's better to graft amla than to plant its seeds.,english
आँवलाको बीउ रोप्नुभन्दा कलमी गर्नु राम्रो हुन्छ।,nepali
It's better to graft amla than to plant its seeds.,english
आँवलाके बीज रोपेसँ नीक कलम करनाइ होइत छै।,maithili
"Farki is a major disease of sheep, which is caused by bacteria.",english
"फर्की भेडाको एउटा प्रमुख रोग हो, जुन ब्याक्टेरियाले गर्दा हुन्छ।",nepali
"Farki is a major disease of sheep, which is caused by bacteria.",english
"फर्की भेड़ाक एकटा प्रमुख रोग होइत छै, जे बैक्टीरियाके कारण होइत छै।",maithili
It is used in potato farming because it kills insects in the soil.,english
"आलु खेतीमा यसको प्रयोग हुन्छ, किनकि यसले माटोमा हुने कीराहरूलाई मार्छ।",nepali
It is used in potato farming because it kills insects in the soil.,english
"आलू खेतीमे एकर प्रयोग होइत छै, किएकी ई माटिक कीड़ा सभके मारि दैत छै।",maithili
Cutting grape bunches is the most important step in the winemaking process.,english
अंगुरको झुप्पा काट्नु वाइन बनाउने प्रक्रियाको सबैभन्दा महत्त्वपूर्ण चरण हो।,nepali
Cutting grape bunches is the most important step in the winemaking process.,english
अंगूरक गुच्छा काटब वाइन बनावेके प्रक्रियाक सबसँ महत्वपूर्ण चरण होइत छै।,maithili
A bee is a winged insect that plays an important role in pollination.,english
"माहुरी पखेटा भएको किरा हो, जसको परागकणमा महत्त्वपूर्ण भूमिका हुन्छ।",nepali
A bee is a winged insect that plays an important role in pollination.,english
"माहुरी पंख वाला कीड़ा होइत छै, जकर परागकणमे महत्वपूर्ण भूमिका होइत छै।",maithili
"The highest fish production in the country is in Andhra Pradesh, West Bengal, and Gujarat.",english
"देशमा सबैभन्दा धेरै माछा उत्पादन आन्ध्र प्रदेश, पश्चिम बंगाल र गुजरातमा हुन्छ।",nepali
"The highest fish production in the country is in Andhra Pradesh, West Bengal, and Gujarat.",english
"देशमे सबसँ बेसी मछली उत्पादन आंध्र प्रदेश, पश्चिम बंगाल आ गुजरातमे होइत छै।",maithili
"If a sheep gets sick, it should be treated by a doctor immediately.",english
बिरामी भएको अवस्थामा भेडालाई तुरुन्तै डाक्टरबाट उपचार गराउनुपर्छ।,nepali
"If a sheep gets sick, it should be treated by a doctor immediately.",english
बीमार भेला पर भेड़ाके तुरंत डॉक्टरसँ इलाज करावेके चाही।,maithili
Water pipes are laid in the field to irrigate the land.,english
जमिन सिँचाइ गर्न खेतमा पानीको पाइप बिछ्याइन्छ।,nepali
Water pipes are laid in the field to irrigate the land.,english
जमीन सिंचाइ करेके लेल खेतमे पानीक पाइप बिछाओल जाइत छै।,maithili
Using chemical fertilizers on crops affects human health.,english
रासायनिक मलको बालीमा प्रयोग गर्नाले मानव स्वास्थ्यमा असर पर्छ।,nepali
Using chemical fertilizers on crops affects human health.,english
रासायनिक खादके फसलमे प्रयोग करेलासँ मानव स्वास्थ्य पर असर पड़ैत छै।,maithili
His father has gone to the market to buy vegetables.,english
उसको बुबा तरकारी किन्न बजार गएका छन्।,nepali
His father has gone to the market to buy vegetables.,english
ओकर बाबूजी तरकारी किनए लेल बाजार गेल छथि।,maithili
The nutmeg tree is always green.,english
जायफलको रूख सधैं हरियो हुन्छ।,nepali
The nutmeg tree is always green.,english
जायफलक गाछ हमेशा हरियर रहैत छै।,maithili
Cauliflower is a type of vegetable.,english
काउली एक प्रकारको तरकारी हो।,nepali
Cauliflower is a type of vegetable.,english
काउली एक प्रकारक तरकारी होइत छै।,maithili
This card is given every three years so that we know about the changes in the soil.,english
"यो कार्ड हरेक तीन वर्षमा दिइन्छ, ताकि माटोमा भएको परिवर्तनको बारेमा थाहा होस्।",nepali
This card is given every three years so that we know about the changes in the soil.,english
"ई कार्ड हर तीन सालमे देल जाइत छै, ताकि माटिक बदलावके बारेमे पता चलि सकए।",maithili
Antyodaya Anna Yojana was started to reduce hunger among poor people.,english
अन्त्योदय अन्न योजना गरिब मानिसहरूको भोकमरी कम गर्नको लागि सुरु गरिएको थियो।,nepali
Antyodaya Anna Yojana was started to reduce hunger among poor people.,english
अंत्योदय अन्न योजना गरीब लोगक भूखमरी कम करेके लेल शुरू कएल गेल छल।,maithili
We should use groundwater very wisely.,english
हामीले भूमिगत पानीलाई धेरै बुद्धिमानीपूर्वक प्रयोग गर्नुपर्छ।,nepali
We should use groundwater very wisely.,english
हमरा सब के भूमिगत पानीके बहुत बुद्धिमानीसँ प्रयोग करेके चाही।,maithili
Auluwa is used during occasions like fasting.,english
अउलुआको प्रयोग व्रत आदिको अवसरमा गरिन्छ।,nepali
Auluwa is used during occasions like fasting.,english
अउलुआ के प्रयोग बरत आउर तिहार में कयल जाइत अछि।,maithili
The shepherd took all his sheep to the field for food.,english
गोठालाले आफ्नो सबै भेडाहरूलाई खानाको लागि खेतमा लगे।,nepali
The shepherd took all his sheep to the field for food.,english
चरवाहा अपना सबटा भेंड़ा के खाना के लेल खेत में ल गेल।,maithili
"The main sources of paper are trees, dung, grass and water.",english
"कागजको प्रमुख स्रोत रूख, गोबर, घाँस र पानी हो।",nepali
"The main sources of paper are trees, dung, grass and water.",english
"कागज के मुख्य स्रोत गाछ, गोबर, घास आउर पानी होइत छै।",maithili
The farmer got investor loans very easily.,english
किसानलाई लगानीकर्ता ऋण एकदमै सजिलै प्राप्त भयो।,nepali
The farmer got investor loans very easily.,english
किसान के निवेशक ऋण बहुत आसानी से मिल गेल।,maithili
Growing marijuana for personal use is illegal.,english
व्यक्तिगत उपयोगको लागि भाङ खेती अवैध छ।,nepali
Growing marijuana for personal use is illegal.,english
व्यक्तिगत उपयोग के लेल भांग के खेती अवैध अछि।,maithili
"A mower is an agricultural tool, which is used to cut grass.",english
"मोवर एउटा कृषि औजार हो, जुन घाँस काट्नको लागि प्रयोग गरिन्छ।",nepali
"A mower is an agricultural tool, which is used to cut grass.",english
"मोवर एकटा कृषि औजार छै, जे घास काटे के लेल इस्तेमाल होइत छै।",maithili
Green manure also helps in controlling pests.,english
हरियो मलले कीरा नियन्त्रणमा पनि मद्दत गर्छ।,nepali
Green manure also helps in controlling pests.,english
हरियर खाद से कीड़ा के नियंत्रण में भी मदद मिलैत छै।,maithili
"A plow is an agricultural tool, which is used to plow fields.",english
"हर एउटा कृषि उपकरण हो, जसले खेत जोत्न काम लाग्छ।",nepali
"A plow is an agricultural tool, which is used to plow fields.",english
"हर एकटा कृषि उपकरण छै, जे खेत जोते के काम में आवैत छै।",maithili
Fisheries and its hunting are a major source of employment.,english
मत्स्य पालन र यसको शिकार रोजगारीको एउटा प्रमुख स्रोत हो।,nepali
Fisheries and its hunting are a major source of employment.,english
मछली पालन आउर एकर शिकार रोजगार के एकटा मुख्य स्रोत छै।,maithili
A sheep produces about thirty liters of methane gas per day.,english
एउटा भेडाले प्रतिदिन लगभग तीस लिटर मिथेन ग्यास उत्पादन गर्छ।,nepali
A sheep produces about thirty liters of methane gas per day.,english
एकटा भेंड़ा प्रतिदिन लगभग तीस लीटर मीथेन गैस पैदा करैत छै।,maithili
Farmer credit card facility has been provided to provide financial assistance to the farmer.,english
किसानलाई वित्तीय मद्दत पुर्‍याउन किसान क्रेडिट कार्डको सुविधा दिइएको छ।,nepali
Farmer credit card facility has been provided to provide financial assistance to the farmer.,english
किसान के वित्तीय मदद पहुचावे के लेल किसान क्रेडिट कार्ड के सुविधा देल गेल छै।,maithili
Milk pipelines should be checked from time to time.,english
दूधको पाइपलाइन समय समयमा जाँच गरिरहनुपर्छ।,nepali
Milk pipelines should be checked from time to time.,english
दूध के पाइपलाइन समय समय पर जाँच करत रहे के चाही।,maithili
Straw is collected as thatch for the whole year.,english
पराललाई वर्षभरिको लागि टालको रूपमा सङ्ग्रह गरिन्छ।,nepali
Straw is collected as thatch for the whole year.,english
पराल के साल भर के लेल टाल के रूप में जमा कयल जाइत छै।,maithili
Different breeds of goats can be found in different regions of India.,english
भारतको विभिन्न क्षेत्रमा अलग अलग जातका बाख्रा देख्न पाइन्छ।,nepali
Different breeds of goats can be found in different regions of India.,english
भारत के अलग-अलग क्षेत्र में अलग-अलग जात के बकरी देखे के मिलैत छै।,maithili
The farmer needed equipment for crop processing.,english
बाली प्रशोधनको लागि किसानलाई उपकरणको आवश्यकता थियो।,nepali
The farmer needed equipment for crop processing.,english
बाली के प्रोसेसिंग के लेल किसान के उपकरण के जरूरत छल।,maithili
"If production is higher than the cost price, the dividend is higher.",english
लागत मूल्यभन्दा बढी उत्पादन भएमा लाभांश अधिक हुन्छ।,nepali
"If production is higher than the cost price, the dividend is higher.",english
लागत मूल्य से ज्यादा उत्पादन होइ तो लाभांश ज्यादा होइत छै।,maithili
Nestle Institute is a famous coffee institute.,english
नेस्ले संस्थान कफीको एउटा प्रसिद्ध संस्थान हो।,nepali
Nestle Institute is a famous coffee institute.,english
नेस्ले संस्थान कॉफी के एकटा प्रसिद्ध संस्थान छै।,maithili
This machine is used in areas where there is less ridges and dust.,english
यो मेसिनको उपयोग त्यस्तो क्षेत्रमा गरिन्छ जहाँ आली र धूलो कम हुन्छ।,nepali
This machine is used in areas where there is less ridges and dust.,english
ई मशीन के उपयोग ओहि क्षेत्र में कयल जाइत छै जतय आली आउर धूल कम होइत छै।,maithili
Forestry is an important industrial sector in India.,english
वानिकी भारतको एउटा महत्त्वपूर्ण उद्योग क्षेत्र हो।,nepali
Forestry is an important industrial sector in India.,english
वानिकी भारत के एकटा महत्वपूर्ण उद्योग क्षेत्र छै।,maithili
Various dairy products were traded in the city.,english
शहरमा विभिन्न दुग्ध उत्पादनको व्यापार गरियो।,nepali
Various dairy products were traded in the city.,english
शहर में अलग-अलग दूध के उत्पाद के व्यापार कयल गेल।,maithili
You can get a lot of work done in a short time by using this machine.,english
यो मेसिन चलाएर थोरै समयमा धेरै काम सकिन्छ।,nepali
You can get a lot of work done in a short time by using this machine.,english
ई मशीन चला के कम समय में बहुत काम खत्म कयल जा सकैत छै।,maithili
He got dehydrated because he drank too much coffee.,english
धेरै कफी खाएकोले उहाँलाई डिहाइड्रेसन भयो।,nepali
He got dehydrated because he drank too much coffee.,english
बहुत कॉफी पीला के कारण ओकरा डिहाइड्रेशन भ गेल।,maithili
The weather department gave the government news of an emergency weather change.,english
मौसम विभागले आपतकालीन मौसम परिवर्तनको खबर सरकारलाई दियो।,nepali
The weather department gave the government news of an emergency weather change.,english
मौसम विभाग आपातकालीन मौसम परिवर्तन के खबर सरकार के देलक।,maithili
"In this greenhouse machine, the flow of air is artificially controlled.",english
यो ओसौनी मेसिनमा कृत्रिम तरिकाले हावाको प्रवाहलाई नियन्त्रण गरिन्छ।,nepali
"In this greenhouse machine, the flow of air is artificially controlled.",english
ई ओसौनी मशीन में कृत्रिम तरीका से हवा के प्रवाह के नियंत्रित कयल जाइत छै।,maithili
JCBs are very useful in the mining sector.,english
खनन क्षेत्रमा जेसिबीको उपयोगिता धेरै हुन्छ।,nepali
JCBs are very useful in the mining sector.,english
खनन क्षेत्र में जेसीबी के उपयोगिता बहुत होइत छै।,maithili
Both scissors and trimmers are used to cut sheep's wool.,english
भेडाको ऊन काट्न कैंची र ट्रीमर दुवै प्रयोग गरिन्छ।,nepali
Both scissors and trimmers are used to cut sheep's wool.,english
भेंड़ा के ऊन काटे के लेल कैंची आउर ट्रीमर दुनु के इस्तेमाल कयल जाइत छै।,maithili
This type of irrigation system is used in greenhouses for plants planted in pots.,english
यस्तो खालको सिंचाई प्रणाली ग्रीनहाउसमा गमलामा लगाएको बोटमा प्रयोग गरिन्छ।,nepali
This type of irrigation system is used in greenhouses for plants planted in pots.,english
अइसन तरह के सिंचाई प्रणाली ग्रीनहाउस में गमला में लगाओल पौधा में इस्तेमाल कयल जाइत छै।,maithili
Farmers can also sell their produce at the agricultural fair.,english
कृषि मेलामा किसानले आफ्नो उत्पादन पनि बेच्न सक्छन्।,nepali
Farmers can also sell their produce at the agricultural fair.,english
कृषि मेला में किसान अपना उत्पादन भी बेच सकैत छै।,maithili
M.S. Swaminathan is considered a world leader in the Green Revolution.,english
एम.एस. स्वामीनाथनलाई हरित क्रान्तिको विश्व नेता मानिन्छ।,nepali
M.S. Swaminathan is considered a world leader in the Green Revolution.,english
एम.एस. स्वामीनाथन के हरित क्रांति के विश्व नेता मानल जाइत छै।,maithili
The fiber obtained from the trunk of a tree is called natural fiber.,english
रूखको डाँठबाट प्राप्त फाइबरलाई प्राकृतिक फाइबर भनिन्छ।,nepali
The fiber obtained from the trunk of a tree is called natural fiber.,english
गाछ के डाँठ से मिलल फाइबर के प्राकृतिक फाइबर कहल जाइत छै।,maithili
"During the freedom struggle, the spinning wheel was a major weapon of the indigenous movement.",english
आजादीको लडाइँको बेलामा चरखा स्वदेशी आन्दोलनको एउटा प्रमुख हतियार थियो।,nepali
"During the freedom struggle, the spinning wheel was a major weapon of the indigenous movement.",english
आजादी के लड़ाई के समय में चरखा स्वदेशी आंदोलन के एकटा मुख्य हथियार छल।,maithili
Growing vegetables in water is the newest technology in agriculture.,english
पानीमा हुने तरकारीको खेती कृषिमा सबैभन्दा नयाँ प्रविधि हो।,nepali
Growing vegetables in water is the newest technology in agriculture.,english
पानी में होए वाला तरकारी के खेती कृषि में सब से नया तकनीक छै।,maithili
A lot of profit can be made in a short time from poultry farming.,english
कुखुरा पालनबाट थोरै समयमा धेरै नाफा कमाउन सकिन्छ।,nepali
A lot of profit can be made in a short time from poultry farming.,english
कुखुरा पालन से कम समय में बहुत मुनाफा कमायल जा सकैत छै।,maithili
"Date palm leaves are ten to fifteen feet long and very sharp, from which hand fans are made.",english
"खजूरको पात दशदेखि पन्ध्र फिटसम्म लामो र धेरै धारिलो हुन्छ, जसबाट हातको पंखा बनाइन्छ।",nepali
"Date palm leaves are ten to fifteen feet long and very sharp, from which hand fans are made.",english
"खजूर के पत्ता दस से पंद्रह फीट तक लंबा आउर बहुत धारदार होइत छै, जेकरा से हाथ के पंखा बनायल जाइत छै।",maithili
Raw papaya cleanses the body and improves digestion.,english
कच्चा मेवा शरीरलाई सफा गर्छ र पाचन बढाउँछ।,nepali
Raw papaya cleanses the body and improves digestion.,english
कच्चा मेवा शरीर के साफ करैत छै आउर पाचन बढ़ावैत छै।,maithili
"If hemp is to be cut for fiber, it should be cut before the seeds ripen.",english
"यदि रेशाको लागि भांग काट्नु छ भने, बीउ पाक्नुअघि नै काट्नुपर्छ।",nepali
"If hemp is to be cut for fiber, it should be cut before the seeds ripen.",english
"अगर रेशा के लेल भांग काटे के छै, तो बीज पाके से पहिले ही काटे के चाही।",maithili
Castor oil has many medicinal and industrial uses.,english
अरिंडीको तेलको धेरै औषधीय र औद्योगिक उपयोग छ।,nepali
Castor oil has many medicinal and industrial uses.,english
अरिंडी के तेल के बहुत औषधीय आउर औद्योगिक उपयोग छै।,maithili
Fisheries protect biodiversity by stopping the hunting of natural fish stocks.,english
मत्स्यपालनले माछाको प्राकृतिक भण्डारको शिकारमा रोक लगाएर जैविक विविधताको रक्षा गर्छ।,nepali
Fisheries protect biodiversity by stopping the hunting of natural fish stocks.,english
मछली पालन मछली के प्राकृतिक भंडार के शिकार पर रोक लगा के जैविक विविधता के रक्षा करैत छै।,maithili
Pomegranates are mostly grown in the tropical regions of the world.,english
अनार प्रायः संसारको गर्मी प्रदेशमा उब्जाउ गरिन्छ।,nepali
Pomegranates are mostly grown in the tropical regions of the world.,english
अनार प्रायः दुनिया के गर्मी वाला प्रदेश में उपजाओल जाइत छै।,maithili
Any farmer between the ages of eighteen and forty can register for this.,english
अठारदेखि चालीस वर्षको कुनै पनि किसानले यसको लागि दर्ता गर्न सक्छ।,nepali
Any farmer between the ages of eighteen and forty can register for this.,english
अठारह से चालीस साल के कोई भी किसान एकरा लेल पंजीकरण करा सकैत छै।,maithili
There's also a national agriculture market portal so farmers can sell their produce online.,english
किसानले आफ्नो उत्पादन अनलाइन बेच्न सकोस् भनेर राष्ट्रिय कृषि बजार पोर्टल पनि छ।,nepali
There's also a national agriculture market portal so farmers can sell their produce online.,english
"किसान अपना उत्पादन ऑनलाइन बेच सकै, एकरा लेल राष्ट्रीय कृषि बाजार पोर्टल भी छै।",maithili
Mace and nutmeg are two different spices that come from the nutmeg tree.,english
"जावित्री र जायफल दुईवटा फरक मसला हुन्, जुन जायफलको रुखबाट उत्पादन हुन्छ।",nepali
Mace and nutmeg are two different spices that come from the nutmeg tree.,english
"जावित्री आउर जायफल दुनु अलग-अलग मसाला छै, जे जायफल के गाछ से उत्पादन होइत छै।",maithili
Chicken harvesters are used to grab chickens for slaughter.,english
चिकन हार्भेस्टरको प्रयोग कुखुरालाई मार्नको लागि समात्न गरिन्छ।,nepali
Chicken harvesters are used to grab chickens for slaughter.,english
चिकन हार्वेस्टर के प्रयोग कुखुरा के मारे के लेल पकड़े के लेल कयल जाइत छै।,maithili
The wood of the Southern beech is a bit soft.,english
दक्षिणी ध्रुवको रुख अलि नरम हुन्छ।,nepali
The wood of the Southern beech is a bit soft.,english
दक्षिणी ध्रुव के गाछ थोड़ा नरम होइत छै।,maithili
Breeder seed is 100 percent physically and genetically pure for the production of foundation seed.,english
प्रजनक बीउ आधार बीउको उत्पादनको लागि शत प्रतिशत भौतिक र आनुवंशिक हुन्छ।,nepali
Breeder seed is 100 percent physically and genetically pure for the production of foundation seed.,english
प्रजनक बीज आधार बीज के उत्पादन के लेल शत प्रतिशत भौतिक आउर आनुवंशिक होइत छै।,maithili
"Milk by-products are butterfat, cream, yogurt, cheese, and buttermilk.",english
"दूधको उप उत्पादन बटरफ्याट, क्रिम, दही, पनीर र मोही हुन्।",nepali
"Milk by-products are butterfat, cream, yogurt, cheese, and buttermilk.",english
"दूध के उप उत्पाद बटरफैट, क्रीम, दही, पनीर आउर मोही होइत छै।",maithili
Another strategy is we should encourage farming that needs less water.,english
अर्को रणनीति भनेको कम पानी चाहिने खेतीलाई प्रोत्साहन गर्नुपर्छ।,nepali
Another strategy is we should encourage farming that needs less water.,english
दोसर रणनीति ई छै कि कम पानी चाही वाला खेती के बढ़ावा देवे के चाही।,maithili
Fruits don't rot quickly in the winter season.,english
जाडो मौसममा फलफूल चाँडै कुहिँदैन।,nepali
Fruits don't rot quickly in the winter season.,english
जाड़ के मौसम में फल जल्दी नई सड़ैत छै।,maithili
Growing food for local consumption is the core of tropical agriculture.,english
स्थानीय खपतका लागि खाद्यान्न उब्जाउनु उष्णकटिबंधीय खेतीको मूल हो।,nepali
Growing food for local consumption is the core of tropical agriculture.,english
स्थानीय खपत के लेल खाद्यान्न उपजाना उष्णकटिबंधीय खेती के मूल छै।,maithili
There's also a national agriculture market portal so farmers can sell their produce online.,english
किसानले आफ्नो उत्पादन अनलाइन बेच्न सकोस् भनेर राष्ट्रिय कृषि बजार पोर्टल पनि छ।,nepali
There's also a national agriculture market portal so farmers can sell their produce online.,english
"किसान अपना उत्पादन ऑनलाइन बेच सकै, एकरा लेल राष्ट्रीय कृषि बाजार पोर्टल भी छै।",maithili