audio_file_path,language
/home/oem/wiseyak/prakanda/stree-test/wiseai-asr/audio_from_text/tts_text_0001.wav,nepali
/home/oem/wiseyak/prakanda/stree-test/wiseai-asr/audio_from_text/tts_text_0002.wav,nepali
/home/oem/wiseyak/prakanda/stree-test/wiseai-asr/audio_from_text/tts_text_0003.wav,nepali
/home/oem/wiseyak/prakanda/stree-test/wiseai-asr/audio_from_text/tts_text_0004.wav,nepali
/home/oem/wiseyak/prakanda/stree-test/wiseai-asr/audio_from_text/tts_text_0005.wav,nepali
/home/oem/wiseyak/prakanda/stree-test/wiseai-asr/audio_from_text/tts_text_0006.wav,nepali
/home/oem/wiseyak/prakanda/stree-test/wiseai-asr/audio_from_text/tts_text_0007.wav,nepali
/home/oem/wiseyak/prakanda/stree-test/wiseai-asr/audio_from_text/tts_text_0008.wav,nepali
/home/oem/wiseyak/prakanda/stree-test/wiseai-asr/audio_from_text/tts_text_0009.wav,nepali
/home/oem/wiseyak/prakanda/stree-test/wiseai-asr/audio_from_text/tts_text_0010.wav,nepali
/home/oem/wiseyak/prakanda/stree-test/wiseai-asr/audio_from_text/tts_text_0011.wav,nepali
/home/oem/wiseyak/prakanda/stree-test/wiseai-asr/audio_from_text/tts_text_0012.wav,nepali
/home/oem/wiseyak/prakanda/stree-test/wiseai-asr/audio_from_text/tts_text_0013.wav,nepali
/home/oem/wiseyak/prakanda/stree-test/wiseai-asr/audio_from_text/tts_text_0014.wav,nepali
/home/oem/wiseyak/prakanda/stree-test/wiseai-asr/audio_from_text/tts_text_0015.wav,nepali
/home/oem/wiseyak/prakanda/stree-test/wiseai-asr/audio_from_text/tts_text_0016.wav,nepali
/home/oem/wiseyak/prakanda/stree-test/wiseai-asr/audio_from_text/tts_text_0017.wav,nepali
/home/oem/wiseyak/prakanda/stree-test/wiseai-asr/audio_from_text/tts_text_0018.wav,nepali
/home/oem/wiseyak/prakanda/stree-test/wiseai-asr/audio_from_text/tts_text_0019.wav,nepali
/home/oem/wiseyak/prakanda/stree-test/wiseai-asr/audio_from_text/tts_text_0020.wav,nepali
/home/oem/wiseyak/prakanda/stree-test/wiseai-asr/audio_from_text/tts_text_0021.wav,nepali
/home/oem/wiseyak/prakanda/stree-test/wiseai-asr/audio_from_text/tts_text_0022.wav,nepali
/home/oem/wiseyak/prakanda/stree-test/wiseai-asr/audio_from_text/tts_text_0023.wav,nepali
/home/oem/wiseyak/prakanda/stree-test/wiseai-asr/audio_from_text/tts_text_0024.wav,nepali
/home/oem/wiseyak/prakanda/stree-test/wiseai-asr/audio_from_text/tts_text_0025.wav,nepali
/home/oem/wiseyak/prakanda/stree-test/wiseai-asr/audio_from_text/tts_text_0026.wav,nepali
/home/oem/wiseyak/prakanda/stree-test/wiseai-asr/audio_from_text/tts_text_0027.wav,nepali
/home/oem/wiseyak/prakanda/stree-test/wiseai-asr/audio_from_text/tts_text_0028.wav,nepali
/home/oem/wiseyak/prakanda/stree-test/wiseai-asr/audio_from_text/tts_text_0029.wav,nepali
/home/oem/wiseyak/prakanda/stree-test/wiseai-asr/audio_from_text/tts_text_0030.wav,nepali
/home/oem/wiseyak/prakanda/stree-test/wiseai-asr/audio_from_text/tts_text_0031.wav,nepali
/home/oem/wiseyak/prakanda/stree-test/wiseai-asr/audio_from_text/tts_text_0032.wav,nepali
/home/oem/wiseyak/prakanda/stree-test/wiseai-asr/audio_from_text/tts_text_0033.wav,nepali
/home/oem/wiseyak/prakanda/stree-test/wiseai-asr/audio_from_text/tts_text_0034.wav,nepali
/home/oem/wiseyak/prakanda/stree-test/wiseai-asr/audio_from_text/tts_text_0035.wav,nepali
/home/oem/wiseyak/prakanda/stree-test/wiseai-asr/audio_from_text/tts_text_0036.wav,nepali
/home/oem/wiseyak/prakanda/stree-test/wiseai-asr/audio_from_text/tts_text_0037.wav,nepali
/home/oem/wiseyak/prakanda/stree-test/wiseai-asr/audio_from_text/tts_text_0038.wav,nepali
/home/oem/wiseyak/prakanda/stree-test/wiseai-asr/audio_from_text/tts_text_0039.wav,nepali
/home/oem/wiseyak/prakanda/stree-test/wiseai-asr/audio_from_text/tts_text_0040.wav,nepali
/home/oem/wiseyak/prakanda/stree-test/wiseai-asr/audio_from_text/tts_text_0041.wav,nepali
/home/oem/wiseyak/prakanda/stree-test/wiseai-asr/audio_from_text/tts_text_0042.wav,nepali
/home/oem/wiseyak/prakanda/stree-test/wiseai-asr/audio_from_text/tts_text_0043.wav,nepali
/home/oem/wiseyak/prakanda/stree-test/wiseai-asr/audio_from_text/tts_text_0044.wav,nepali
/home/oem/wiseyak/prakanda/stree-test/wiseai-asr/audio_from_text/tts_text_0045.wav,nepali
/home/oem/wiseyak/prakanda/stree-test/wiseai-asr/audio_from_text/tts_text_0046.wav,nepali
/home/oem/wiseyak/prakanda/stree-test/wiseai-asr/audio_from_text/tts_text_0047.wav,nepali
/home/oem/wiseyak/prakanda/stree-test/wiseai-asr/audio_from_text/tts_text_0048.wav,nepali
/home/oem/wiseyak/prakanda/stree-test/wiseai-asr/audio_from_text/tts_text_0049.wav,nepali
/home/oem/wiseyak/prakanda/stree-test/wiseai-asr/audio_from_text/tts_text_0050.wav,nepali
/home/oem/wiseyak/prakanda/stree-test/wiseai-asr/audio_from_text/tts_text_0051.wav,nepali
/home/oem/wiseyak/prakanda/stree-test/wiseai-asr/audio_from_text/tts_text_0052.wav,nepali
/home/oem/wiseyak/prakanda/stree-test/wiseai-asr/audio_from_text/tts_text_0053.wav,nepali
/home/oem/wiseyak/prakanda/stree-test/wiseai-asr/audio_from_text/tts_text_0054.wav,nepali
/home/oem/wiseyak/prakanda/stree-test/wiseai-asr/audio_from_text/tts_text_0055.wav,nepali
/home/oem/wiseyak/prakanda/stree-test/wiseai-asr/audio_from_text/tts_text_0056.wav,nepali
/home/oem/wiseyak/prakanda/stree-test/wiseai-asr/audio_from_text/tts_text_0057.wav,nepali
/home/oem/wiseyak/prakanda/stree-test/wiseai-asr/audio_from_text/tts_text_0058.wav,nepali
/home/oem/wiseyak/prakanda/stree-test/wiseai-asr/audio_from_text/tts_text_0059.wav,nepali
/home/oem/wiseyak/prakanda/stree-test/wiseai-asr/audio_from_text/tts_text_0060.wav,nepali
/home/oem/wiseyak/prakanda/stree-test/wiseai-asr/audio_from_text/tts_text_0061.wav,nepali
/home/oem/wiseyak/prakanda/stree-test/wiseai-asr/audio_from_text/tts_text_0062.wav,nepali
/home/oem/wiseyak/prakanda/stree-test/wiseai-asr/audio_from_text/tts_text_0063.wav,nepali
/home/oem/wiseyak/prakanda/stree-test/wiseai-asr/audio_from_text/tts_text_0064.wav,nepali
/home/oem/wiseyak/prakanda/stree-test/wiseai-asr/audio_from_text/tts_text_0065.wav,nepali
/home/oem/wiseyak/prakanda/stree-test/wiseai-asr/audio_from_text/tts_text_0066.wav,nepali
/home/oem/wiseyak/prakanda/stree-test/wiseai-asr/audio_from_text/tts_text_0067.wav,nepali
/home/oem/wiseyak/prakanda/stree-test/wiseai-asr/audio_from_text/tts_text_0068.wav,nepali
/home/oem/wiseyak/prakanda/stree-test/wiseai-asr/audio_from_text/tts_text_0069.wav,nepali
/home/oem/wiseyak/prakanda/stree-test/wiseai-asr/audio_from_text/tts_text_0070.wav,nepali
/home/oem/wiseyak/prakanda/stree-test/wiseai-asr/audio_from_text/tts_text_0071.wav,nepali
/home/oem/wiseyak/prakanda/stree-test/wiseai-asr/audio_from_text/tts_text_0072.wav,nepali
/home/oem/wiseyak/prakanda/stree-test/wiseai-asr/audio_from_text/tts_text_0073.wav,nepali
/home/oem/wiseyak/prakanda/stree-test/wiseai-asr/audio_from_text/tts_text_0074.wav,nepali
/home/oem/wiseyak/prakanda/stree-test/wiseai-asr/audio_from_text/tts_text_0075.wav,nepali
/home/oem/wiseyak/prakanda/stree-test/wiseai-asr/audio_from_text/tts_text_0076.wav,nepali
/home/oem/wiseyak/prakanda/stree-test/wiseai-asr/audio_from_text/tts_text_0077.wav,nepali
/home/oem/wiseyak/prakanda/stree-test/wiseai-asr/audio_from_text/tts_text_0078.wav,nepali
/home/oem/wiseyak/prakanda/stree-test/wiseai-asr/audio_from_text/tts_text_0079.wav,nepali
/home/oem/wiseyak/prakanda/stree-test/wiseai-asr/audio_from_text/tts_text_0080.wav,nepali
/home/oem/wiseyak/prakanda/stree-test/wiseai-asr/audio_from_text/tts_text_0081.wav,nepali
/home/oem/wiseyak/prakanda/stree-test/wiseai-asr/audio_from_text/tts_text_0082.wav,nepali
/home/oem/wiseyak/prakanda/stree-test/wiseai-asr/audio_from_text/tts_text_0083.wav,nepali
/home/oem/wiseyak/prakanda/stree-test/wiseai-asr/audio_from_text/tts_text_0084.wav,nepali
/home/oem/wiseyak/prakanda/stree-test/wiseai-asr/audio_from_text/tts_text_0085.wav,nepali
/home/oem/wiseyak/prakanda/stree-test/wiseai-asr/audio_from_text/tts_text_0086.wav,nepali
/home/oem/wiseyak/prakanda/stree-test/wiseai-asr/audio_from_text/tts_text_0087.wav,nepali
/home/oem/wiseyak/prakanda/stree-test/wiseai-asr/audio_from_text/tts_text_0088.wav,nepali
/home/oem/wiseyak/prakanda/stree-test/wiseai-asr/audio_from_text/tts_text_0089.wav,nepali
/home/oem/wiseyak/prakanda/stree-test/wiseai-asr/audio_from_text/tts_text_0090.wav,nepali
/home/oem/wiseyak/prakanda/stree-test/wiseai-asr/audio_from_text/tts_text_0091.wav,nepali
/home/oem/wiseyak/prakanda/stree-test/wiseai-asr/audio_from_text/tts_text_0092.wav,nepali
/home/oem/wiseyak/prakanda/stree-test/wiseai-asr/audio_from_text/tts_text_0093.wav,nepali
/home/oem/wiseyak/prakanda/stree-test/wiseai-asr/audio_from_text/tts_text_0094.wav,nepali
/home/oem/wiseyak/prakanda/stree-test/wiseai-asr/audio_from_text/tts_text_0095.wav,nepali
/home/oem/wiseyak/prakanda/stree-test/wiseai-asr/audio_from_text/tts_text_0096.wav,nepali
/home/oem/wiseyak/prakanda/stree-test/wiseai-asr/audio_from_text/tts_text_0097.wav,nepali
/home/oem/wiseyak/prakanda/stree-test/wiseai-asr/audio_from_text/tts_text_0098.wav,nepali
/home/oem/wiseyak/prakanda/stree-test/wiseai-asr/audio_from_text/tts_text_0099.wav,nepali
/home/oem/wiseyak/prakanda/stree-test/wiseai-asr/audio_from_text/tts_text_0100.wav,nepali
/home/oem/wiseyak/prakanda/stree-test/wiseai-asr/audio_from_text/tts_text_0101.wav,nepali
/home/oem/wiseyak/prakanda/stree-test/wiseai-asr/audio_from_text/tts_text_0102.wav,nepali
/home/oem/wiseyak/prakanda/stree-test/wiseai-asr/audio_from_text/tts_text_0103.wav,nepali
/home/oem/wiseyak/prakanda/stree-test/wiseai-asr/audio_from_text/tts_text_0104.wav,nepali
/home/oem/wiseyak/prakanda/stree-test/wiseai-asr/audio_from_text/tts_text_0105.wav,nepali
/home/oem/wiseyak/prakanda/stree-test/wiseai-asr/audio_from_text/tts_text_0106.wav,nepali
/home/oem/wiseyak/prakanda/stree-test/wiseai-asr/audio_from_text/tts_text_0107.wav,nepali
/home/oem/wiseyak/prakanda/stree-test/wiseai-asr/audio_from_text/tts_text_0108.wav,nepali
/home/oem/wiseyak/prakanda/stree-test/wiseai-asr/audio_from_text/tts_text_0109.wav,nepali
/home/oem/wiseyak/prakanda/stree-test/wiseai-asr/audio_from_text/tts_text_0110.wav,nepali
/home/oem/wiseyak/prakanda/stree-test/wiseai-asr/audio_from_text/tts_text_0111.wav,nepali
/home/oem/wiseyak/prakanda/stree-test/wiseai-asr/audio_from_text/tts_text_0112.wav,nepali
/home/oem/wiseyak/prakanda/stree-test/wiseai-asr/audio_from_text/tts_text_0113.wav,nepali
/home/oem/wiseyak/prakanda/stree-test/wiseai-asr/audio_from_text/tts_text_0114.wav,nepali
/home/oem/wiseyak/prakanda/stree-test/wiseai-asr/audio_from_text/tts_text_0115.wav,nepali
/home/oem/wiseyak/prakanda/stree-test/wiseai-asr/audio_from_text/tts_text_0116.wav,nepali
/home/oem/wiseyak/prakanda/stree-test/wiseai-asr/audio_from_text/tts_text_0117.wav,nepali
/home/oem/wiseyak/prakanda/stree-test/wiseai-asr/audio_from_text/tts_text_0118.wav,nepali
/home/oem/wiseyak/prakanda/stree-test/wiseai-asr/audio_from_text/tts_text_0119.wav,nepali
/home/oem/wiseyak/prakanda/stree-test/wiseai-asr/audio_from_text/tts_text_0120.wav,nepali
/home/oem/wiseyak/prakanda/stree-test/wiseai-asr/audio_from_text/tts_text_0121.wav,nepali
/home/oem/wiseyak/prakanda/stree-test/wiseai-asr/audio_from_text/tts_text_0122.wav,nepali
/home/oem/wiseyak/prakanda/stree-test/wiseai-asr/audio_from_text/tts_text_0123.wav,nepali
/home/oem/wiseyak/prakanda/stree-test/wiseai-asr/audio_from_text/tts_text_0124.wav,nepali
/home/oem/wiseyak/prakanda/stree-test/wiseai-asr/audio_from_text/tts_text_0125.wav,nepali
/home/oem/wiseyak/prakanda/stree-test/wiseai-asr/audio_from_text/tts_text_0126.wav,nepali
/home/oem/wiseyak/prakanda/stree-test/wiseai-asr/audio_from_text/tts_text_0127.wav,nepali
/home/oem/wiseyak/prakanda/stree-test/wiseai-asr/audio_from_text/tts_text_0128.wav,nepali
/home/oem/wiseyak/prakanda/stree-test/wiseai-asr/audio_from_text/tts_text_0129.wav,nepali
/home/oem/wiseyak/prakanda/stree-test/wiseai-asr/audio_from_text/tts_text_0130.wav,nepali
/home/oem/wiseyak/prakanda/stree-test/wiseai-asr/audio_from_text/tts_text_0131.wav,nepali
/home/oem/wiseyak/prakanda/stree-test/wiseai-asr/audio_from_text/tts_text_0132.wav,nepali
/home/oem/wiseyak/prakanda/stree-test/wiseai-asr/audio_from_text/tts_text_0133.wav,nepali
/home/oem/wiseyak/prakanda/stree-test/wiseai-asr/audio_from_text/tts_text_0134.wav,nepali
/home/oem/wiseyak/prakanda/stree-test/wiseai-asr/audio_from_text/tts_text_0135.wav,nepali
/home/oem/wiseyak/prakanda/stree-test/wiseai-asr/audio_from_text/tts_text_0136.wav,nepali
/home/oem/wiseyak/prakanda/stree-test/wiseai-asr/audio_from_text/tts_text_0137.wav,nepali
/home/oem/wiseyak/prakanda/stree-test/wiseai-asr/audio_from_text/tts_text_0138.wav,nepali
/home/oem/wiseyak/prakanda/stree-test/wiseai-asr/audio_from_text/tts_text_0139.wav,nepali
/home/oem/wiseyak/prakanda/stree-test/wiseai-asr/audio_from_text/tts_text_0140.wav,nepali
/home/oem/wiseyak/prakanda/stree-test/wiseai-asr/audio_from_text/tts_text_0141.wav,nepali
/home/oem/wiseyak/prakanda/stree-test/wiseai-asr/audio_from_text/tts_text_0142.wav,nepali
/home/oem/wiseyak/prakanda/stree-test/wiseai-asr/audio_from_text/tts_text_0143.wav,nepali
/home/oem/wiseyak/prakanda/stree-test/wiseai-asr/audio_from_text/tts_text_0144.wav,nepali
/home/oem/wiseyak/prakanda/stree-test/wiseai-asr/audio_from_text/tts_text_0145.wav,nepali
/home/oem/wiseyak/prakanda/stree-test/wiseai-asr/audio_from_text/tts_text_0146.wav,nepali
/home/oem/wiseyak/prakanda/stree-test/wiseai-asr/audio_from_text/tts_text_0147.wav,nepali
/home/oem/wiseyak/prakanda/stree-test/wiseai-asr/audio_from_text/tts_text_0148.wav,nepali
/home/oem/wiseyak/prakanda/stree-test/wiseai-asr/audio_from_text/tts_text_0149.wav,nepali
/home/oem/wiseyak/prakanda/stree-test/wiseai-asr/audio_from_text/tts_text_0150.wav,nepali
/home/oem/wiseyak/prakanda/stree-test/wiseai-asr/audio_from_text/tts_text_0151.wav,nepali
/home/oem/wiseyak/prakanda/stree-test/wiseai-asr/audio_from_text/tts_text_0152.wav,nepali
/home/oem/wiseyak/prakanda/stree-test/wiseai-asr/audio_from_text/tts_text_0153.wav,nepali
/home/oem/wiseyak/prakanda/stree-test/wiseai-asr/audio_from_text/tts_text_0154.wav,nepali
/home/oem/wiseyak/prakanda/stree-test/wiseai-asr/audio_from_text/tts_text_0155.wav,nepali
/home/oem/wiseyak/prakanda/stree-test/wiseai-asr/audio_from_text/tts_text_0156.wav,nepali
/home/oem/wiseyak/prakanda/stree-test/wiseai-asr/audio_from_text/tts_text_0157.wav,nepali
/home/oem/wiseyak/prakanda/stree-test/wiseai-asr/audio_from_text/tts_text_0158.wav,nepali
/home/oem/wiseyak/prakanda/stree-test/wiseai-asr/audio_from_text/tts_text_0159.wav,nepali
/home/oem/wiseyak/prakanda/stree-test/wiseai-asr/audio_from_text/tts_text_0160.wav,nepali
/home/oem/wiseyak/prakanda/stree-test/wiseai-asr/audio_from_text/tts_text_0161.wav,nepali
/home/oem/wiseyak/prakanda/stree-test/wiseai-asr/audio_from_text/tts_text_0162.wav,nepali
/home/oem/wiseyak/prakanda/stree-test/wiseai-asr/audio_from_text/tts_text_0163.wav,nepali
/home/oem/wiseyak/prakanda/stree-test/wiseai-asr/audio_from_text/tts_text_0164.wav,nepali
/home/oem/wiseyak/prakanda/stree-test/wiseai-asr/audio_from_text/tts_text_0165.wav,nepali
/home/oem/wiseyak/prakanda/stree-test/wiseai-asr/audio_from_text/tts_text_0166.wav,nepali
/home/oem/wiseyak/prakanda/stree-test/wiseai-asr/audio_from_text/tts_text_0167.wav,nepali
/home/oem/wiseyak/prakanda/stree-test/wiseai-asr/audio_from_text/tts_text_0168.wav,nepali
/home/oem/wiseyak/prakanda/stree-test/wiseai-asr/audio_from_text/tts_text_0169.wav,nepali
/home/oem/wiseyak/prakanda/stree-test/wiseai-asr/audio_from_text/tts_text_0170.wav,nepali
/home/oem/wiseyak/prakanda/stree-test/wiseai-asr/audio_from_text/tts_text_0171.wav,nepali
/home/oem/wiseyak/prakanda/stree-test/wiseai-asr/audio_from_text/tts_text_0172.wav,nepali
/home/oem/wiseyak/prakanda/stree-test/wiseai-asr/audio_from_text/tts_text_0173.wav,nepali
/home/oem/wiseyak/prakanda/stree-test/wiseai-asr/audio_from_text/tts_text_0174.wav,nepali
/home/oem/wiseyak/prakanda/stree-test/wiseai-asr/audio_from_text/tts_text_0175.wav,nepali
/home/oem/wiseyak/prakanda/stree-test/wiseai-asr/audio_from_text/tts_text_0176.wav,nepali
/home/oem/wiseyak/prakanda/stree-test/wiseai-asr/audio_from_text/tts_text_0177.wav,nepali
/home/oem/wiseyak/prakanda/stree-test/wiseai-asr/audio_from_text/tts_text_0178.wav,nepali
/home/oem/wiseyak/prakanda/stree-test/wiseai-asr/audio_from_text/tts_text_0179.wav,nepali
/home/oem/wiseyak/prakanda/stree-test/wiseai-asr/audio_from_text/tts_text_0180.wav,nepali
/home/oem/wiseyak/prakanda/stree-test/wiseai-asr/audio_from_text/tts_text_0181.wav,nepali
/home/oem/wiseyak/prakanda/stree-test/wiseai-asr/audio_from_text/tts_text_0182.wav,nepali
/home/oem/wiseyak/prakanda/stree-test/wiseai-asr/audio_from_text/tts_text_0183.wav,nepali
/home/oem/wiseyak/prakanda/stree-test/wiseai-asr/audio_from_text/tts_text_0184.wav,nepali
/home/oem/wiseyak/prakanda/stree-test/wiseai-asr/audio_from_text/tts_text_0185.wav,nepali
/home/oem/wiseyak/prakanda/stree-test/wiseai-asr/audio_from_text/tts_text_0186.wav,nepali
/home/oem/wiseyak/prakanda/stree-test/wiseai-asr/audio_from_text/tts_text_0187.wav,nepali
/home/oem/wiseyak/prakanda/stree-test/wiseai-asr/audio_from_text/tts_text_0188.wav,nepali
/home/oem/wiseyak/prakanda/stree-test/wiseai-asr/audio_from_text/tts_text_0189.wav,nepali
/home/oem/wiseyak/prakanda/stree-test/wiseai-asr/audio_from_text/tts_text_0190.wav,nepali
/home/oem/wiseyak/prakanda/stree-test/wiseai-asr/audio_from_text/tts_text_0191.wav,nepali
/home/oem/wiseyak/prakanda/stree-test/wiseai-asr/audio_from_text/tts_text_0192.wav,nepali
/home/oem/wiseyak/prakanda/stree-test/wiseai-asr/audio_from_text/tts_text_0193.wav,nepali
/home/oem/wiseyak/prakanda/stree-test/wiseai-asr/audio_from_text/tts_text_0194.wav,nepali
/home/oem/wiseyak/prakanda/stree-test/wiseai-asr/audio_from_text/tts_text_0195.wav,nepali
/home/oem/wiseyak/prakanda/stree-test/wiseai-asr/audio_from_text/tts_text_0196.wav,nepali
/home/oem/wiseyak/prakanda/stree-test/wiseai-asr/audio_from_text/tts_text_0197.wav,nepali
/home/oem/wiseyak/prakanda/stree-test/wiseai-asr/audio_from_text/tts_text_0198.wav,nepali
/home/oem/wiseyak/prakanda/stree-test/wiseai-asr/audio_from_text/tts_text_0199.wav,nepali
/home/oem/wiseyak/prakanda/stree-test/wiseai-asr/audio_from_text/tts_text_0200.wav,nepali
/home/oem/wiseyak/prakanda/stree-test/wiseai-asr/audio_from_text/tts_text_0201.wav,nepali
/home/oem/wiseyak/prakanda/stree-test/wiseai-asr/audio_from_text/tts_text_0202.wav,nepali
/home/oem/wiseyak/prakanda/stree-test/wiseai-asr/audio_from_text/tts_text_0203.wav,nepali
/home/oem/wiseyak/prakanda/stree-test/wiseai-asr/audio_from_text/tts_text_0204.wav,nepali
/home/oem/wiseyak/prakanda/stree-test/wiseai-asr/audio_from_text/tts_text_0205.wav,nepali
/home/oem/wiseyak/prakanda/stree-test/wiseai-asr/audio_from_text/tts_text_0206.wav,nepali
/home/oem/wiseyak/prakanda/stree-test/wiseai-asr/audio_from_text/tts_text_0207.wav,nepali
/home/oem/wiseyak/prakanda/stree-test/wiseai-asr/audio_from_text/tts_text_0208.wav,nepali
/home/oem/wiseyak/prakanda/stree-test/wiseai-asr/audio_from_text/tts_text_0209.wav,nepali
/home/oem/wiseyak/prakanda/stree-test/wiseai-asr/audio_from_text/tts_text_0210.wav,nepali
/home/oem/wiseyak/prakanda/stree-test/wiseai-asr/audio_from_text/tts_text_0211.wav,nepali
/home/oem/wiseyak/prakanda/stree-test/wiseai-asr/audio_from_text/tts_text_0212.wav,nepali
/home/oem/wiseyak/prakanda/stree-test/wiseai-asr/audio_from_text/tts_text_0213.wav,nepali
/home/oem/wiseyak/prakanda/stree-test/wiseai-asr/audio_from_text/tts_text_0214.wav,nepali
/home/oem/wiseyak/prakanda/stree-test/wiseai-asr/audio_from_text/tts_text_0215.wav,nepali
/home/oem/wiseyak/prakanda/stree-test/wiseai-asr/audio_from_text/tts_text_0216.wav,nepali
/home/oem/wiseyak/prakanda/stree-test/wiseai-asr/audio_from_text/tts_text_0217.wav,nepali
/home/oem/wiseyak/prakanda/stree-test/wiseai-asr/audio_from_text/tts_text_0218.wav,nepali
/home/oem/wiseyak/prakanda/stree-test/wiseai-asr/audio_from_text/tts_text_0219.wav,nepali
/home/oem/wiseyak/prakanda/stree-test/wiseai-asr/audio_from_text/tts_text_0220.wav,nepali
/home/oem/wiseyak/prakanda/stree-test/wiseai-asr/audio_from_text/tts_text_0221.wav,nepali
/home/oem/wiseyak/prakanda/stree-test/wiseai-asr/audio_from_text/tts_text_0222.wav,nepali
/home/oem/wiseyak/prakanda/stree-test/wiseai-asr/audio_from_text/tts_text_0223.wav,nepali
/home/oem/wiseyak/prakanda/stree-test/wiseai-asr/audio_from_text/tts_text_0224.wav,nepali
/home/oem/wiseyak/prakanda/stree-test/wiseai-asr/audio_from_text/tts_text_0225.wav,nepali
/home/oem/wiseyak/prakanda/stree-test/wiseai-asr/audio_from_text/tts_text_0226.wav,nepali
/home/oem/wiseyak/prakanda/stree-test/wiseai-asr/audio_from_text/tts_text_0227.wav,nepali
/home/oem/wiseyak/prakanda/stree-test/wiseai-asr/audio_from_text/tts_text_0228.wav,nepali
/home/oem/wiseyak/prakanda/stree-test/wiseai-asr/audio_from_text/tts_text_0229.wav,nepali
/home/oem/wiseyak/prakanda/stree-test/wiseai-asr/audio_from_text/tts_text_0230.wav,nepali
/home/oem/wiseyak/prakanda/stree-test/wiseai-asr/audio_from_text/tts_text_0231.wav,nepali
/home/oem/wiseyak/prakanda/stree-test/wiseai-asr/audio_from_text/tts_text_0232.wav,nepali
/home/oem/wiseyak/prakanda/stree-test/wiseai-asr/audio_from_text/tts_text_0233.wav,nepali
/home/oem/wiseyak/prakanda/stree-test/wiseai-asr/audio_from_text/tts_text_0234.wav,nepali
/home/oem/wiseyak/prakanda/stree-test/wiseai-asr/audio_from_text/tts_text_0235.wav,nepali
/home/oem/wiseyak/prakanda/stree-test/wiseai-asr/audio_from_text/tts_text_0236.wav,nepali
/home/oem/wiseyak/prakanda/stree-test/wiseai-asr/audio_from_text/tts_text_0237.wav,nepali
/home/oem/wiseyak/prakanda/stree-test/wiseai-asr/audio_from_text/tts_text_0238.wav,nepali
/home/oem/wiseyak/prakanda/stree-test/wiseai-asr/audio_from_text/tts_text_0239.wav,nepali
/home/oem/wiseyak/prakanda/stree-test/wiseai-asr/audio_from_text/tts_text_0240.wav,nepali
/home/oem/wiseyak/prakanda/stree-test/wiseai-asr/audio_from_text/tts_text_0241.wav,nepali
/home/oem/wiseyak/prakanda/stree-test/wiseai-asr/audio_from_text/tts_text_0242.wav,nepali
/home/oem/wiseyak/prakanda/stree-test/wiseai-asr/audio_from_text/tts_text_0243.wav,nepali
/home/oem/wiseyak/prakanda/stree-test/wiseai-asr/audio_from_text/tts_text_0244.wav,nepali
/home/oem/wiseyak/prakanda/stree-test/wiseai-asr/audio_from_text/tts_text_0245.wav,nepali
/home/oem/wiseyak/prakanda/stree-test/wiseai-asr/audio_from_text/tts_text_0246.wav,nepali
/home/oem/wiseyak/prakanda/stree-test/wiseai-asr/audio_from_text/tts_text_0247.wav,nepali
/home/oem/wiseyak/prakanda/stree-test/wiseai-asr/audio_from_text/tts_text_0248.wav,nepali
/home/oem/wiseyak/prakanda/stree-test/wiseai-asr/audio_from_text/tts_text_0249.wav,nepali
/home/oem/wiseyak/prakanda/stree-test/wiseai-asr/audio_from_text/tts_text_0250.wav,nepali
/home/oem/wiseyak/prakanda/stree-test/wiseai-asr/audio_from_text/tts_text_0251.wav,nepali
/home/oem/wiseyak/prakanda/stree-test/wiseai-asr/audio_from_text/tts_text_0252.wav,nepali
/home/oem/wiseyak/prakanda/stree-test/wiseai-asr/audio_from_text/tts_text_0253.wav,nepali
/home/oem/wiseyak/prakanda/stree-test/wiseai-asr/audio_from_text/tts_text_0254.wav,nepali
/home/oem/wiseyak/prakanda/stree-test/wiseai-asr/audio_from_text/tts_text_0255.wav,nepali
/home/oem/wiseyak/prakanda/stree-test/wiseai-asr/audio_from_text/tts_text_0256.wav,nepali
/home/oem/wiseyak/prakanda/stree-test/wiseai-asr/audio_from_text/tts_text_0257.wav,nepali
/home/oem/wiseyak/prakanda/stree-test/wiseai-asr/audio_from_text/tts_text_0258.wav,nepali
/home/oem/wiseyak/prakanda/stree-test/wiseai-asr/audio_from_text/tts_text_0259.wav,nepali
/home/oem/wiseyak/prakanda/stree-test/wiseai-asr/audio_from_text/tts_text_0260.wav,nepali
/home/oem/wiseyak/prakanda/stree-test/wiseai-asr/audio_from_text/tts_text_0261.wav,nepali
/home/oem/wiseyak/prakanda/stree-test/wiseai-asr/audio_from_text/tts_text_0262.wav,nepali
/home/oem/wiseyak/prakanda/stree-test/wiseai-asr/audio_from_text/tts_text_0263.wav,nepali
/home/oem/wiseyak/prakanda/stree-test/wiseai-asr/audio_from_text/tts_text_0264.wav,nepali
/home/oem/wiseyak/prakanda/stree-test/wiseai-asr/audio_from_text/tts_text_0265.wav,nepali
/home/oem/wiseyak/prakanda/stree-test/wiseai-asr/audio_from_text/tts_text_0266.wav,nepali
/home/oem/wiseyak/prakanda/stree-test/wiseai-asr/audio_from_text/tts_text_0267.wav,nepali
/home/oem/wiseyak/prakanda/stree-test/wiseai-asr/audio_from_text/tts_text_0268.wav,nepali
/home/oem/wiseyak/prakanda/stree-test/wiseai-asr/audio_from_text/tts_text_0269.wav,nepali
/home/oem/wiseyak/prakanda/stree-test/wiseai-asr/audio_from_text/tts_text_0270.wav,nepali
/home/oem/wiseyak/prakanda/stree-test/wiseai-asr/audio_from_text/tts_text_0271.wav,nepali
/home/oem/wiseyak/prakanda/stree-test/wiseai-asr/audio_from_text/tts_text_0272.wav,nepali
/home/oem/wiseyak/prakanda/stree-test/wiseai-asr/audio_from_text/tts_text_0273.wav,nepali
/home/oem/wiseyak/prakanda/stree-test/wiseai-asr/audio_from_text/tts_text_0274.wav,nepali
/home/oem/wiseyak/prakanda/stree-test/wiseai-asr/audio_from_text/tts_text_0275.wav,nepali
/home/oem/wiseyak/prakanda/stree-test/wiseai-asr/audio_from_text/tts_text_0276.wav,nepali
/home/oem/wiseyak/prakanda/stree-test/wiseai-asr/audio_from_text/tts_text_0277.wav,nepali
/home/oem/wiseyak/prakanda/stree-test/wiseai-asr/audio_from_text/tts_text_0278.wav,nepali
/home/oem/wiseyak/prakanda/stree-test/wiseai-asr/audio_from_text/tts_text_0279.wav,nepali
/home/oem/wiseyak/prakanda/stree-test/wiseai-asr/audio_from_text/tts_text_0280.wav,nepali
/home/oem/wiseyak/prakanda/stree-test/wiseai-asr/audio_from_text/tts_text_0281.wav,nepali
/home/oem/wiseyak/prakanda/stree-test/wiseai-asr/audio_from_text/tts_text_0282.wav,nepali
/home/oem/wiseyak/prakanda/stree-test/wiseai-asr/audio_from_text/tts_text_0283.wav,nepali
/home/oem/wiseyak/prakanda/stree-test/wiseai-asr/audio_from_text/tts_text_0284.wav,nepali
/home/oem/wiseyak/prakanda/stree-test/wiseai-asr/audio_from_text/tts_text_0285.wav,nepali
/home/oem/wiseyak/prakanda/stree-test/wiseai-asr/audio_from_text/tts_text_0286.wav,nepali
/home/oem/wiseyak/prakanda/stree-test/wiseai-asr/audio_from_text/tts_text_0287.wav,nepali
/home/oem/wiseyak/prakanda/stree-test/wiseai-asr/audio_from_text/tts_text_0288.wav,nepali
/home/oem/wiseyak/prakanda/stree-test/wiseai-asr/audio_from_text/tts_text_0289.wav,nepali
/home/oem/wiseyak/prakanda/stree-test/wiseai-asr/audio_from_text/tts_text_0290.wav,nepali
/home/oem/wiseyak/prakanda/stree-test/wiseai-asr/audio_from_text/tts_text_0291.wav,nepali
/home/oem/wiseyak/prakanda/stree-test/wiseai-asr/audio_from_text/tts_text_0292.wav,nepali
/home/oem/wiseyak/prakanda/stree-test/wiseai-asr/audio_from_text/tts_text_0293.wav,nepali
/home/oem/wiseyak/prakanda/stree-test/wiseai-asr/audio_from_text/tts_text_0294.wav,nepali
/home/oem/wiseyak/prakanda/stree-test/wiseai-asr/audio_from_text/tts_text_0295.wav,nepali
/home/oem/wiseyak/prakanda/stree-test/wiseai-asr/audio_from_text/tts_text_0296.wav,nepali
/home/oem/wiseyak/prakanda/stree-test/wiseai-asr/audio_from_text/tts_text_0297.wav,nepali
/home/oem/wiseyak/prakanda/stree-test/wiseai-asr/audio_from_text/tts_text_0298.wav,nepali
/home/oem/wiseyak/prakanda/stree-test/wiseai-asr/audio_from_text/tts_text_0299.wav,nepali
/home/oem/wiseyak/prakanda/stree-test/wiseai-asr/audio_from_text/tts_text_0300.wav,nepali
/home/oem/wiseyak/prakanda/stree-test/wiseai-asr/audio_from_text/tts_text_0301.wav,nepali
/home/oem/wiseyak/prakanda/stree-test/wiseai-asr/audio_from_text/tts_text_0302.wav,nepali
/home/oem/wiseyak/prakanda/stree-test/wiseai-asr/audio_from_text/tts_text_0303.wav,nepali
/home/oem/wiseyak/prakanda/stree-test/wiseai-asr/audio_from_text/tts_text_0304.wav,nepali
/home/oem/wiseyak/prakanda/stree-test/wiseai-asr/audio_from_text/tts_text_0305.wav,nepali
/home/oem/wiseyak/prakanda/stree-test/wiseai-asr/audio_from_text/tts_text_0306.wav,nepali
/home/oem/wiseyak/prakanda/stree-test/wiseai-asr/audio_from_text/tts_text_0307.wav,nepali
/home/oem/wiseyak/prakanda/stree-test/wiseai-asr/audio_from_text/tts_text_0308.wav,nepali
/home/oem/wiseyak/prakanda/stree-test/wiseai-asr/audio_from_text/tts_text_0309.wav,nepali
/home/oem/wiseyak/prakanda/stree-test/wiseai-asr/audio_from_text/tts_text_0310.wav,nepali
/home/oem/wiseyak/prakanda/stree-test/wiseai-asr/audio_from_text/tts_text_0311.wav,nepali
/home/oem/wiseyak/prakanda/stree-test/wiseai-asr/audio_from_text/tts_text_0312.wav,nepali
/home/oem/wiseyak/prakanda/stree-test/wiseai-asr/audio_from_text/tts_text_0313.wav,nepali
/home/oem/wiseyak/prakanda/stree-test/wiseai-asr/audio_from_text/tts_text_0314.wav,nepali
/home/oem/wiseyak/prakanda/stree-test/wiseai-asr/audio_from_text/tts_text_0315.wav,nepali
/home/oem/wiseyak/prakanda/stree-test/wiseai-asr/audio_from_text/tts_text_0316.wav,nepali
/home/oem/wiseyak/prakanda/stree-test/wiseai-asr/audio_from_text/tts_text_0317.wav,nepali
/home/oem/wiseyak/prakanda/stree-test/wiseai-asr/audio_from_text/tts_text_0318.wav,nepali
/home/oem/wiseyak/prakanda/stree-test/wiseai-asr/audio_from_text/tts_text_0319.wav,nepali
/home/oem/wiseyak/prakanda/stree-test/wiseai-asr/audio_from_text/tts_text_0320.wav,nepali
/home/oem/wiseyak/prakanda/stree-test/wiseai-asr/audio_from_text/tts_text_0321.wav,nepali
/home/oem/wiseyak/prakanda/stree-test/wiseai-asr/audio_from_text/tts_text_0322.wav,nepali
/home/oem/wiseyak/prakanda/stree-test/wiseai-asr/audio_from_text/tts_text_0323.wav,nepali
/home/oem/wiseyak/prakanda/stree-test/wiseai-asr/audio_from_text/tts_text_0324.wav,nepali
/home/oem/wiseyak/prakanda/stree-test/wiseai-asr/audio_from_text/tts_text_0325.wav,nepali
/home/oem/wiseyak/prakanda/stree-test/wiseai-asr/audio_from_text/tts_text_0326.wav,nepali
/home/oem/wiseyak/prakanda/stree-test/wiseai-asr/audio_from_text/tts_text_0327.wav,nepali
/home/oem/wiseyak/prakanda/stree-test/wiseai-asr/audio_from_text/tts_text_0328.wav,nepali
/home/oem/wiseyak/prakanda/stree-test/wiseai-asr/audio_from_text/tts_text_0329.wav,nepali
/home/oem/wiseyak/prakanda/stree-test/wiseai-asr/audio_from_text/tts_text_0330.wav,nepali
/home/oem/wiseyak/prakanda/stree-test/wiseai-asr/audio_from_text/tts_text_0331.wav,nepali
/home/oem/wiseyak/prakanda/stree-test/wiseai-asr/audio_from_text/tts_text_0332.wav,nepali
/home/oem/wiseyak/prakanda/stree-test/wiseai-asr/audio_from_text/tts_text_0333.wav,nepali
/home/oem/wiseyak/prakanda/stree-test/wiseai-asr/audio_from_text/tts_text_0334.wav,nepali
/home/oem/wiseyak/prakanda/stree-test/wiseai-asr/audio_from_text/tts_text_0335.wav,nepali
/home/oem/wiseyak/prakanda/stree-test/wiseai-asr/audio_from_text/tts_text_0336.wav,nepali
/home/oem/wiseyak/prakanda/stree-test/wiseai-asr/audio_from_text/tts_text_0337.wav,nepali
/home/oem/wiseyak/prakanda/stree-test/wiseai-asr/audio_from_text/tts_text_0338.wav,nepali
/home/oem/wiseyak/prakanda/stree-test/wiseai-asr/audio_from_text/tts_text_0339.wav,nepali
/home/oem/wiseyak/prakanda/stree-test/wiseai-asr/audio_from_text/tts_text_0340.wav,nepali
/home/oem/wiseyak/prakanda/stree-test/wiseai-asr/audio_from_text/tts_text_0341.wav,nepali
/home/oem/wiseyak/prakanda/stree-test/wiseai-asr/audio_from_text/tts_text_0342.wav,nepali
/home/oem/wiseyak/prakanda/stree-test/wiseai-asr/audio_from_text/tts_text_0343.wav,nepali
/home/oem/wiseyak/prakanda/stree-test/wiseai-asr/audio_from_text/tts_text_0344.wav,nepali
/home/oem/wiseyak/prakanda/stree-test/wiseai-asr/audio_from_text/tts_text_0345.wav,nepali
/home/oem/wiseyak/prakanda/stree-test/wiseai-asr/audio_from_text/tts_text_0346.wav,nepali
/home/oem/wiseyak/prakanda/stree-test/wiseai-asr/audio_from_text/tts_text_0347.wav,nepali
/home/oem/wiseyak/prakanda/stree-test/wiseai-asr/audio_from_text/tts_text_0348.wav,nepali
/home/oem/wiseyak/prakanda/stree-test/wiseai-asr/audio_from_text/tts_text_0349.wav,nepali
/home/oem/wiseyak/prakanda/stree-test/wiseai-asr/audio_from_text/tts_text_0350.wav,nepali
/home/oem/wiseyak/prakanda/stree-test/wiseai-asr/audio_from_text/tts_text_0351.wav,nepali
/home/oem/wiseyak/prakanda/stree-test/wiseai-asr/audio_from_text/tts_text_0352.wav,nepali
/home/oem/wiseyak/prakanda/stree-test/wiseai-asr/audio_from_text/tts_text_0353.wav,nepali
/home/oem/wiseyak/prakanda/stree-test/wiseai-asr/audio_from_text/tts_text_0354.wav,nepali
/home/oem/wiseyak/prakanda/stree-test/wiseai-asr/audio_from_text/tts_text_0355.wav,nepali
/home/oem/wiseyak/prakanda/stree-test/wiseai-asr/audio_from_text/tts_text_0356.wav,nepali
/home/oem/wiseyak/prakanda/stree-test/wiseai-asr/audio_from_text/tts_text_0357.wav,nepali
/home/oem/wiseyak/prakanda/stree-test/wiseai-asr/audio_from_text/tts_text_0358.wav,nepali
/home/oem/wiseyak/prakanda/stree-test/wiseai-asr/audio_from_text/tts_text_0359.wav,nepali
/home/oem/wiseyak/prakanda/stree-test/wiseai-asr/audio_from_text/tts_text_0360.wav,nepali
/home/oem/wiseyak/prakanda/stree-test/wiseai-asr/audio_from_text/tts_text_0361.wav,nepali
/home/oem/wiseyak/prakanda/stree-test/wiseai-asr/audio_from_text/tts_text_0362.wav,nepali
/home/oem/wiseyak/prakanda/stree-test/wiseai-asr/audio_from_text/tts_text_0363.wav,nepali
/home/oem/wiseyak/prakanda/stree-test/wiseai-asr/audio_from_text/tts_text_0364.wav,nepali
/home/oem/wiseyak/prakanda/stree-test/wiseai-asr/audio_from_text/tts_text_0365.wav,nepali
/home/oem/wiseyak/prakanda/stree-test/wiseai-asr/audio_from_text/tts_text_0366.wav,nepali
/home/oem/wiseyak/prakanda/stree-test/wiseai-asr/audio_from_text/tts_text_0367.wav,nepali
/home/oem/wiseyak/prakanda/stree-test/wiseai-asr/audio_from_text/tts_text_0368.wav,nepali
/home/oem/wiseyak/prakanda/stree-test/wiseai-asr/audio_from_text/tts_text_0369.wav,nepali
/home/oem/wiseyak/prakanda/stree-test/wiseai-asr/audio_from_text/tts_text_0370.wav,nepali
/home/oem/wiseyak/prakanda/stree-test/wiseai-asr/audio_from_text/tts_text_0371.wav,nepali
/home/oem/wiseyak/prakanda/stree-test/wiseai-asr/audio_from_text/tts_text_0372.wav,nepali
/home/oem/wiseyak/prakanda/stree-test/wiseai-asr/audio_from_text/tts_text_0373.wav,nepali
/home/oem/wiseyak/prakanda/stree-test/wiseai-asr/audio_from_text/tts_text_0374.wav,nepali
/home/oem/wiseyak/prakanda/stree-test/wiseai-asr/audio_from_text/tts_text_0375.wav,nepali
/home/oem/wiseyak/prakanda/stree-test/wiseai-asr/audio_from_text/tts_text_0376.wav,nepali
/home/oem/wiseyak/prakanda/stree-test/wiseai-asr/audio_from_text/tts_text_0377.wav,nepali
/home/oem/wiseyak/prakanda/stree-test/wiseai-asr/audio_from_text/tts_text_0378.wav,nepali
/home/oem/wiseyak/prakanda/stree-test/wiseai-asr/audio_from_text/tts_text_0379.wav,nepali
/home/oem/wiseyak/prakanda/stree-test/wiseai-asr/audio_from_text/tts_text_0380.wav,nepali
/home/oem/wiseyak/prakanda/stree-test/wiseai-asr/audio_from_text/tts_text_0381.wav,nepali
/home/oem/wiseyak/prakanda/stree-test/wiseai-asr/audio_from_text/tts_text_0382.wav,nepali
/home/oem/wiseyak/prakanda/stree-test/wiseai-asr/audio_from_text/tts_text_0383.wav,nepali
/home/oem/wiseyak/prakanda/stree-test/wiseai-asr/audio_from_text/tts_text_0384.wav,nepali
/home/oem/wiseyak/prakanda/stree-test/wiseai-asr/audio_from_text/tts_text_0385.wav,nepali
/home/oem/wiseyak/prakanda/stree-test/wiseai-asr/audio_from_text/tts_text_0386.wav,nepali
/home/oem/wiseyak/prakanda/stree-test/wiseai-asr/audio_from_text/tts_text_0387.wav,nepali
/home/oem/wiseyak/prakanda/stree-test/wiseai-asr/audio_from_text/tts_text_0388.wav,nepali
/home/oem/wiseyak/prakanda/stree-test/wiseai-asr/audio_from_text/tts_text_0389.wav,nepali
/home/oem/wiseyak/prakanda/stree-test/wiseai-asr/audio_from_text/tts_text_0390.wav,nepali
/home/oem/wiseyak/prakanda/stree-test/wiseai-asr/audio_from_text/tts_text_0391.wav,nepali
/home/oem/wiseyak/prakanda/stree-test/wiseai-asr/audio_from_text/tts_text_0392.wav,nepali
/home/oem/wiseyak/prakanda/stree-test/wiseai-asr/audio_from_text/tts_text_0393.wav,nepali
/home/oem/wiseyak/prakanda/stree-test/wiseai-asr/audio_from_text/tts_text_0394.wav,nepali
/home/oem/wiseyak/prakanda/stree-test/wiseai-asr/audio_from_text/tts_text_0395.wav,nepali
/home/oem/wiseyak/prakanda/stree-test/wiseai-asr/audio_from_text/tts_text_0396.wav,nepali
/home/oem/wiseyak/prakanda/stree-test/wiseai-asr/audio_from_text/tts_text_0397.wav,nepali
/home/oem/wiseyak/prakanda/stree-test/wiseai-asr/audio_from_text/tts_text_0398.wav,nepali
/home/oem/wiseyak/prakanda/stree-test/wiseai-asr/audio_from_text/tts_text_0399.wav,nepali
/home/oem/wiseyak/prakanda/stree-test/wiseai-asr/audio_from_text/tts_text_0400.wav,nepali
/home/oem/wiseyak/prakanda/stree-test/wiseai-asr/audio_from_text/tts_text_0401.wav,nepali
/home/oem/wiseyak/prakanda/stree-test/wiseai-asr/audio_from_text/tts_text_0402.wav,nepali
/home/oem/wiseyak/prakanda/stree-test/wiseai-asr/audio_from_text/tts_text_0403.wav,nepali
/home/oem/wiseyak/prakanda/stree-test/wiseai-asr/audio_from_text/tts_text_0404.wav,nepali
/home/oem/wiseyak/prakanda/stree-test/wiseai-asr/audio_from_text/tts_text_0405.wav,nepali
/home/oem/wiseyak/prakanda/stree-test/wiseai-asr/audio_from_text/tts_text_0406.wav,nepali
/home/oem/wiseyak/prakanda/stree-test/wiseai-asr/audio_from_text/tts_text_0407.wav,nepali
/home/oem/wiseyak/prakanda/stree-test/wiseai-asr/audio_from_text/tts_text_0408.wav,nepali
/home/oem/wiseyak/prakanda/stree-test/wiseai-asr/audio_from_text/tts_text_0409.wav,nepali
/home/oem/wiseyak/prakanda/stree-test/wiseai-asr/audio_from_text/tts_text_0410.wav,nepali
/home/oem/wiseyak/prakanda/stree-test/wiseai-asr/audio_from_text/tts_text_0411.wav,nepali
/home/oem/wiseyak/prakanda/stree-test/wiseai-asr/audio_from_text/tts_text_0412.wav,nepali
/home/oem/wiseyak/prakanda/stree-test/wiseai-asr/audio_from_text/tts_text_0413.wav,nepali
/home/oem/wiseyak/prakanda/stree-test/wiseai-asr/audio_from_text/tts_text_0414.wav,nepali
/home/oem/wiseyak/prakanda/stree-test/wiseai-asr/audio_from_text/tts_text_0415.wav,nepali
/home/oem/wiseyak/prakanda/stree-test/wiseai-asr/audio_from_text/tts_text_0416.wav,nepali
/home/oem/wiseyak/prakanda/stree-test/wiseai-asr/audio_from_text/tts_text_0417.wav,nepali
/home/oem/wiseyak/prakanda/stree-test/wiseai-asr/audio_from_text/tts_text_0418.wav,nepali
/home/oem/wiseyak/prakanda/stree-test/wiseai-asr/audio_from_text/tts_text_0419.wav,nepali
/home/oem/wiseyak/prakanda/stree-test/wiseai-asr/audio_from_text/tts_text_0420.wav,nepali
/home/oem/wiseyak/prakanda/stree-test/wiseai-asr/audio_from_text/tts_text_0421.wav,nepali
/home/oem/wiseyak/prakanda/stree-test/wiseai-asr/audio_from_text/tts_text_0422.wav,nepali
/home/oem/wiseyak/prakanda/stree-test/wiseai-asr/audio_from_text/tts_text_0423.wav,nepali
/home/oem/wiseyak/prakanda/stree-test/wiseai-asr/audio_from_text/tts_text_0424.wav,nepali
/home/oem/wiseyak/prakanda/stree-test/wiseai-asr/audio_from_text/tts_text_0425.wav,nepali
/home/oem/wiseyak/prakanda/stree-test/wiseai-asr/audio_from_text/tts_text_0426.wav,nepali
/home/oem/wiseyak/prakanda/stree-test/wiseai-asr/audio_from_text/tts_text_0427.wav,nepali
/home/oem/wiseyak/prakanda/stree-test/wiseai-asr/audio_from_text/tts_text_0428.wav,nepali
/home/oem/wiseyak/prakanda/stree-test/wiseai-asr/audio_from_text/tts_text_0429.wav,nepali
/home/oem/wiseyak/prakanda/stree-test/wiseai-asr/audio_from_text/tts_text_0430.wav,nepali
/home/oem/wiseyak/prakanda/stree-test/wiseai-asr/audio_from_text/tts_text_0431.wav,nepali
/home/oem/wiseyak/prakanda/stree-test/wiseai-asr/audio_from_text/tts_text_0432.wav,nepali
/home/oem/wiseyak/prakanda/stree-test/wiseai-asr/audio_from_text/tts_text_0433.wav,nepali
/home/oem/wiseyak/prakanda/stree-test/wiseai-asr/audio_from_text/tts_text_0434.wav,nepali
/home/oem/wiseyak/prakanda/stree-test/wiseai-asr/audio_from_text/tts_text_0435.wav,nepali
/home/oem/wiseyak/prakanda/stree-test/wiseai-asr/audio_from_text/tts_text_0436.wav,nepali
/home/oem/wiseyak/prakanda/stree-test/wiseai-asr/audio_from_text/tts_text_0437.wav,nepali
/home/oem/wiseyak/prakanda/stree-test/wiseai-asr/audio_from_text/tts_text_0438.wav,nepali
/home/oem/wiseyak/prakanda/stree-test/wiseai-asr/audio_from_text/tts_text_0439.wav,nepali
/home/oem/wiseyak/prakanda/stree-test/wiseai-asr/audio_from_text/tts_text_0440.wav,nepali
/home/oem/wiseyak/prakanda/stree-test/wiseai-asr/audio_from_text/tts_text_0441.wav,nepali
/home/oem/wiseyak/prakanda/stree-test/wiseai-asr/audio_from_text/tts_text_0442.wav,nepali
/home/oem/wiseyak/prakanda/stree-test/wiseai-asr/audio_from_text/tts_text_0443.wav,nepali
/home/oem/wiseyak/prakanda/stree-test/wiseai-asr/audio_from_text/tts_text_0444.wav,nepali
/home/oem/wiseyak/prakanda/stree-test/wiseai-asr/audio_from_text/tts_text_0445.wav,nepali
/home/oem/wiseyak/prakanda/stree-test/wiseai-asr/audio_from_text/tts_text_0446.wav,nepali
/home/oem/wiseyak/prakanda/stree-test/wiseai-asr/audio_from_text/tts_text_0447.wav,nepali
/home/oem/wiseyak/prakanda/stree-test/wiseai-asr/audio_from_text/tts_text_0448.wav,nepali
/home/oem/wiseyak/prakanda/stree-test/wiseai-asr/audio_from_text/tts_text_0449.wav,nepali
/home/oem/wiseyak/prakanda/stree-test/wiseai-asr/audio_from_text/tts_text_0450.wav,nepali
/home/oem/wiseyak/prakanda/stree-test/wiseai-asr/audio_from_text/tts_text_0451.wav,nepali
/home/oem/wiseyak/prakanda/stree-test/wiseai-asr/audio_from_text/tts_text_0452.wav,nepali
/home/oem/wiseyak/prakanda/stree-test/wiseai-asr/audio_from_text/tts_text_0453.wav,nepali
/home/oem/wiseyak/prakanda/stree-test/wiseai-asr/audio_from_text/tts_text_0454.wav,nepali
/home/oem/wiseyak/prakanda/stree-test/wiseai-asr/audio_from_text/tts_text_0455.wav,nepali
/home/oem/wiseyak/prakanda/stree-test/wiseai-asr/audio_from_text/tts_text_0456.wav,nepali
/home/oem/wiseyak/prakanda/stree-test/wiseai-asr/audio_from_text/tts_text_0457.wav,nepali
/home/oem/wiseyak/prakanda/stree-test/wiseai-asr/audio_from_text/tts_text_0458.wav,nepali
/home/oem/wiseyak/prakanda/stree-test/wiseai-asr/audio_from_text/tts_text_0459.wav,nepali
/home/oem/wiseyak/prakanda/stree-test/wiseai-asr/audio_from_text/tts_text_0460.wav,nepali
/home/oem/wiseyak/prakanda/stree-test/wiseai-asr/audio_from_text/tts_text_0461.wav,nepali
/home/oem/wiseyak/prakanda/stree-test/wiseai-asr/audio_from_text/tts_text_0462.wav,nepali
/home/oem/wiseyak/prakanda/stree-test/wiseai-asr/audio_from_text/tts_text_0463.wav,nepali
/home/oem/wiseyak/prakanda/stree-test/wiseai-asr/audio_from_text/tts_text_0464.wav,nepali
/home/oem/wiseyak/prakanda/stree-test/wiseai-asr/audio_from_text/tts_text_0465.wav,nepali
/home/oem/wiseyak/prakanda/stree-test/wiseai-asr/audio_from_text/tts_text_0466.wav,nepali
/home/oem/wiseyak/prakanda/stree-test/wiseai-asr/audio_from_text/tts_text_0467.wav,nepali
/home/oem/wiseyak/prakanda/stree-test/wiseai-asr/audio_from_text/tts_text_0468.wav,nepali
/home/oem/wiseyak/prakanda/stree-test/wiseai-asr/audio_from_text/tts_text_0469.wav,nepali
/home/oem/wiseyak/prakanda/stree-test/wiseai-asr/audio_from_text/tts_text_0470.wav,nepali
/home/oem/wiseyak/prakanda/stree-test/wiseai-asr/audio_from_text/tts_text_0471.wav,nepali
/home/oem/wiseyak/prakanda/stree-test/wiseai-asr/audio_from_text/tts_text_0472.wav,nepali
/home/oem/wiseyak/prakanda/stree-test/wiseai-asr/audio_from_text/tts_text_0473.wav,nepali
/home/oem/wiseyak/prakanda/stree-test/wiseai-asr/audio_from_text/tts_text_0474.wav,nepali
/home/oem/wiseyak/prakanda/stree-test/wiseai-asr/audio_from_text/tts_text_0475.wav,nepali
/home/oem/wiseyak/prakanda/stree-test/wiseai-asr/audio_from_text/tts_text_0476.wav,nepali
/home/oem/wiseyak/prakanda/stree-test/wiseai-asr/audio_from_text/tts_text_0477.wav,nepali
/home/oem/wiseyak/prakanda/stree-test/wiseai-asr/audio_from_text/tts_text_0478.wav,nepali
/home/oem/wiseyak/prakanda/stree-test/wiseai-asr/audio_from_text/tts_text_0479.wav,nepali
/home/oem/wiseyak/prakanda/stree-test/wiseai-asr/audio_from_text/tts_text_0480.wav,nepali
/home/oem/wiseyak/prakanda/stree-test/wiseai-asr/audio_from_text/tts_text_0481.wav,nepali
/home/oem/wiseyak/prakanda/stree-test/wiseai-asr/audio_from_text/tts_text_0482.wav,nepali
/home/oem/wiseyak/prakanda/stree-test/wiseai-asr/audio_from_text/tts_text_0483.wav,nepali
/home/oem/wiseyak/prakanda/stree-test/wiseai-asr/audio_from_text/tts_text_0484.wav,nepali
/home/oem/wiseyak/prakanda/stree-test/wiseai-asr/audio_from_text/tts_text_0485.wav,nepali
/home/oem/wiseyak/prakanda/stree-test/wiseai-asr/audio_from_text/tts_text_0486.wav,nepali
/home/oem/wiseyak/prakanda/stree-test/wiseai-asr/audio_from_text/tts_text_0487.wav,nepali
/home/oem/wiseyak/prakanda/stree-test/wiseai-asr/audio_from_text/tts_text_0488.wav,nepali
/home/oem/wiseyak/prakanda/stree-test/wiseai-asr/audio_from_text/tts_text_0489.wav,nepali
/home/oem/wiseyak/prakanda/stree-test/wiseai-asr/audio_from_text/tts_text_0490.wav,nepali
/home/oem/wiseyak/prakanda/stree-test/wiseai-asr/audio_from_text/tts_text_0491.wav,nepali
/home/oem/wiseyak/prakanda/stree-test/wiseai-asr/audio_from_text/tts_text_0492.wav,nepali
/home/oem/wiseyak/prakanda/stree-test/wiseai-asr/audio_from_text/tts_text_0493.wav,nepali
/home/oem/wiseyak/prakanda/stree-test/wiseai-asr/audio_from_text/tts_text_0494.wav,nepali
/home/oem/wiseyak/prakanda/stree-test/wiseai-asr/audio_from_text/tts_text_0495.wav,nepali
/home/oem/wiseyak/prakanda/stree-test/wiseai-asr/audio_from_text/tts_text_0496.wav,nepali
/home/oem/wiseyak/prakanda/stree-test/wiseai-asr/audio_from_text/tts_text_0497.wav,nepali
/home/oem/wiseyak/prakanda/stree-test/wiseai-asr/audio_from_text/tts_text_0498.wav,nepali
/home/oem/wiseyak/prakanda/stree-test/wiseai-asr/audio_from_text/tts_text_0499.wav,nepali
/home/oem/wiseyak/prakanda/stree-test/wiseai-asr/audio_from_text/tts_text_0500.wav,nepali
/home/oem/wiseyak/prakanda/stree-test/wiseai-asr/audio_from_text/tts_text_0501.wav,nepali
/home/oem/wiseyak/prakanda/stree-test/wiseai-asr/audio_from_text/tts_text_0502.wav,nepali
/home/oem/wiseyak/prakanda/stree-test/wiseai-asr/audio_from_text/tts_text_0503.wav,nepali
/home/oem/wiseyak/prakanda/stree-test/wiseai-asr/audio_from_text/tts_text_0504.wav,nepali
/home/oem/wiseyak/prakanda/stree-test/wiseai-asr/audio_from_text/tts_text_0505.wav,nepali
/home/oem/wiseyak/prakanda/stree-test/wiseai-asr/audio_from_text/tts_text_0506.wav,nepali
/home/oem/wiseyak/prakanda/stree-test/wiseai-asr/audio_from_text/tts_text_0507.wav,nepali
/home/oem/wiseyak/prakanda/stree-test/wiseai-asr/audio_from_text/tts_text_0508.wav,nepali
/home/oem/wiseyak/prakanda/stree-test/wiseai-asr/audio_from_text/tts_text_0509.wav,nepali
/home/oem/wiseyak/prakanda/stree-test/wiseai-asr/audio_from_text/tts_text_0510.wav,nepali
/home/oem/wiseyak/prakanda/stree-test/wiseai-asr/audio_from_text/tts_text_0511.wav,nepali
/home/oem/wiseyak/prakanda/stree-test/wiseai-asr/audio_from_text/tts_text_0512.wav,nepali
/home/oem/wiseyak/prakanda/stree-test/wiseai-asr/audio_from_text/tts_text_0513.wav,nepali
/home/oem/wiseyak/prakanda/stree-test/wiseai-asr/audio_from_text/tts_text_0514.wav,nepali
/home/oem/wiseyak/prakanda/stree-test/wiseai-asr/audio_from_text/tts_text_0515.wav,nepali
/home/oem/wiseyak/prakanda/stree-test/wiseai-asr/audio_from_text/tts_text_0516.wav,nepali
/home/oem/wiseyak/prakanda/stree-test/wiseai-asr/audio_from_text/tts_text_0517.wav,nepali
/home/oem/wiseyak/prakanda/stree-test/wiseai-asr/audio_from_text/tts_text_0518.wav,nepali
/home/oem/wiseyak/prakanda/stree-test/wiseai-asr/audio_from_text/tts_text_0519.wav,nepali
/home/oem/wiseyak/prakanda/stree-test/wiseai-asr/audio_from_text/tts_text_0520.wav,nepali
/home/oem/wiseyak/prakanda/stree-test/wiseai-asr/audio_from_text/tts_text_0521.wav,nepali
/home/oem/wiseyak/prakanda/stree-test/wiseai-asr/audio_from_text/tts_text_0522.wav,nepali
/home/oem/wiseyak/prakanda/stree-test/wiseai-asr/audio_from_text/tts_text_0523.wav,nepali
/home/oem/wiseyak/prakanda/stree-test/wiseai-asr/audio_from_text/tts_text_0524.wav,nepali
/home/oem/wiseyak/prakanda/stree-test/wiseai-asr/audio_from_text/tts_text_0525.wav,nepali
/home/oem/wiseyak/prakanda/stree-test/wiseai-asr/audio_from_text/tts_text_0526.wav,nepali
/home/oem/wiseyak/prakanda/stree-test/wiseai-asr/audio_from_text/tts_text_0527.wav,nepali
/home/oem/wiseyak/prakanda/stree-test/wiseai-asr/audio_from_text/tts_text_0528.wav,nepali
/home/oem/wiseyak/prakanda/stree-test/wiseai-asr/audio_from_text/tts_text_0529.wav,nepali
/home/oem/wiseyak/prakanda/stree-test/wiseai-asr/audio_from_text/tts_text_0530.wav,nepali
/home/oem/wiseyak/prakanda/stree-test/wiseai-asr/audio_from_text/tts_text_0531.wav,nepali
/home/oem/wiseyak/prakanda/stree-test/wiseai-asr/audio_from_text/tts_text_0532.wav,nepali
/home/oem/wiseyak/prakanda/stree-test/wiseai-asr/audio_from_text/tts_text_0533.wav,nepali
/home/oem/wiseyak/prakanda/stree-test/wiseai-asr/audio_from_text/tts_text_0534.wav,nepali
/home/oem/wiseyak/prakanda/stree-test/wiseai-asr/audio_from_text/tts_text_0535.wav,nepali
/home/oem/wiseyak/prakanda/stree-test/wiseai-asr/audio_from_text/tts_text_0536.wav,nepali
/home/oem/wiseyak/prakanda/stree-test/wiseai-asr/audio_from_text/tts_text_0537.wav,nepali
/home/oem/wiseyak/prakanda/stree-test/wiseai-asr/audio_from_text/tts_text_0538.wav,nepali
/home/oem/wiseyak/prakanda/stree-test/wiseai-asr/audio_from_text/tts_text_0539.wav,nepali
/home/oem/wiseyak/prakanda/stree-test/wiseai-asr/audio_from_text/tts_text_0540.wav,nepali
/home/oem/wiseyak/prakanda/stree-test/wiseai-asr/audio_from_text/tts_text_0541.wav,nepali
/home/oem/wiseyak/prakanda/stree-test/wiseai-asr/audio_from_text/tts_text_0542.wav,nepali
/home/oem/wiseyak/prakanda/stree-test/wiseai-asr/audio_from_text/tts_text_0543.wav,nepali
/home/oem/wiseyak/prakanda/stree-test/wiseai-asr/audio_from_text/tts_text_0544.wav,nepali
/home/oem/wiseyak/prakanda/stree-test/wiseai-asr/audio_from_text/tts_text_0545.wav,nepali
/home/oem/wiseyak/prakanda/stree-test/wiseai-asr/audio_from_text/tts_text_0546.wav,nepali
/home/oem/wiseyak/prakanda/stree-test/wiseai-asr/audio_from_text/tts_text_0547.wav,nepali
/home/oem/wiseyak/prakanda/stree-test/wiseai-asr/audio_from_text/tts_text_0548.wav,nepali
/home/oem/wiseyak/prakanda/stree-test/wiseai-asr/audio_from_text/tts_text_0549.wav,nepali
/home/oem/wiseyak/prakanda/stree-test/wiseai-asr/audio_from_text/tts_text_0550.wav,nepali
/home/oem/wiseyak/prakanda/stree-test/wiseai-asr/audio_from_text/tts_text_0551.wav,nepali
/home/oem/wiseyak/prakanda/stree-test/wiseai-asr/audio_from_text/tts_text_0552.wav,nepali
/home/oem/wiseyak/prakanda/stree-test/wiseai-asr/audio_from_text/tts_text_0553.wav,nepali
/home/oem/wiseyak/prakanda/stree-test/wiseai-asr/audio_from_text/tts_text_0554.wav,nepali
/home/oem/wiseyak/prakanda/stree-test/wiseai-asr/audio_from_text/tts_text_0555.wav,nepali
/home/oem/wiseyak/prakanda/stree-test/wiseai-asr/audio_from_text/tts_text_0556.wav,nepali
/home/oem/wiseyak/prakanda/stree-test/wiseai-asr/audio_from_text/tts_text_0557.wav,nepali
/home/oem/wiseyak/prakanda/stree-test/wiseai-asr/audio_from_text/tts_text_0558.wav,nepali
/home/oem/wiseyak/prakanda/stree-test/wiseai-asr/audio_from_text/tts_text_0559.wav,nepali
/home/oem/wiseyak/prakanda/stree-test/wiseai-asr/audio_from_text/tts_text_0560.wav,nepali
/home/oem/wiseyak/prakanda/stree-test/wiseai-asr/audio_from_text/tts_text_0561.wav,nepali
/home/oem/wiseyak/prakanda/stree-test/wiseai-asr/audio_from_text/tts_text_0562.wav,nepali
/home/oem/wiseyak/prakanda/stree-test/wiseai-asr/audio_from_text/tts_text_0563.wav,nepali
/home/oem/wiseyak/prakanda/stree-test/wiseai-asr/audio_from_text/tts_text_0564.wav,nepali
/home/oem/wiseyak/prakanda/stree-test/wiseai-asr/audio_from_text/tts_text_0565.wav,nepali
/home/oem/wiseyak/prakanda/stree-test/wiseai-asr/audio_from_text/tts_text_0566.wav,nepali
/home/oem/wiseyak/prakanda/stree-test/wiseai-asr/audio_from_text/tts_text_0567.wav,nepali
/home/oem/wiseyak/prakanda/stree-test/wiseai-asr/audio_from_text/tts_text_0568.wav,nepali
/home/oem/wiseyak/prakanda/stree-test/wiseai-asr/audio_from_text/tts_text_0569.wav,nepali
/home/oem/wiseyak/prakanda/stree-test/wiseai-asr/audio_from_text/tts_text_0570.wav,nepali
/home/oem/wiseyak/prakanda/stree-test/wiseai-asr/audio_from_text/tts_text_0571.wav,nepali
/home/oem/wiseyak/prakanda/stree-test/wiseai-asr/audio_from_text/tts_text_0572.wav,nepali
/home/oem/wiseyak/prakanda/stree-test/wiseai-asr/audio_from_text/tts_text_0573.wav,nepali
/home/oem/wiseyak/prakanda/stree-test/wiseai-asr/audio_from_text/tts_text_0574.wav,nepali
/home/oem/wiseyak/prakanda/stree-test/wiseai-asr/audio_from_text/tts_text_0575.wav,nepali
/home/oem/wiseyak/prakanda/stree-test/wiseai-asr/audio_from_text/tts_text_0576.wav,nepali
/home/oem/wiseyak/prakanda/stree-test/wiseai-asr/audio_from_text/tts_text_0577.wav,nepali
/home/oem/wiseyak/prakanda/stree-test/wiseai-asr/audio_from_text/tts_text_0578.wav,nepali
/home/oem/wiseyak/prakanda/stree-test/wiseai-asr/audio_from_text/tts_text_0579.wav,nepali
/home/oem/wiseyak/prakanda/stree-test/wiseai-asr/audio_from_text/tts_text_0580.wav,nepali
/home/oem/wiseyak/prakanda/stree-test/wiseai-asr/audio_from_text/tts_text_0581.wav,nepali
/home/oem/wiseyak/prakanda/stree-test/wiseai-asr/audio_from_text/tts_text_0582.wav,nepali
/home/oem/wiseyak/prakanda/stree-test/wiseai-asr/audio_from_text/tts_text_0583.wav,nepali
/home/oem/wiseyak/prakanda/stree-test/wiseai-asr/audio_from_text/tts_text_0584.wav,nepali
/home/oem/wiseyak/prakanda/stree-test/wiseai-asr/audio_from_text/tts_text_0585.wav,nepali
/home/oem/wiseyak/prakanda/stree-test/wiseai-asr/audio_from_text/tts_text_0586.wav,nepali
/home/oem/wiseyak/prakanda/stree-test/wiseai-asr/audio_from_text/tts_text_0587.wav,nepali
/home/oem/wiseyak/prakanda/stree-test/wiseai-asr/audio_from_text/tts_text_0588.wav,nepali
/home/oem/wiseyak/prakanda/stree-test/wiseai-asr/audio_from_text/tts_text_0589.wav,nepali
/home/oem/wiseyak/prakanda/stree-test/wiseai-asr/audio_from_text/tts_text_0590.wav,nepali
/home/oem/wiseyak/prakanda/stree-test/wiseai-asr/audio_from_text/tts_text_0591.wav,nepali
/home/oem/wiseyak/prakanda/stree-test/wiseai-asr/audio_from_text/tts_text_0592.wav,nepali
/home/oem/wiseyak/prakanda/stree-test/wiseai-asr/audio_from_text/tts_text_0593.wav,nepali
/home/oem/wiseyak/prakanda/stree-test/wiseai-asr/audio_from_text/tts_text_0594.wav,nepali
/home/oem/wiseyak/prakanda/stree-test/wiseai-asr/audio_from_text/tts_text_0595.wav,nepali
/home/oem/wiseyak/prakanda/stree-test/wiseai-asr/audio_from_text/tts_text_0596.wav,nepali
/home/oem/wiseyak/prakanda/stree-test/wiseai-asr/audio_from_text/tts_text_0597.wav,nepali
/home/oem/wiseyak/prakanda/stree-test/wiseai-asr/audio_from_text/tts_text_0598.wav,nepali
/home/oem/wiseyak/prakanda/stree-test/wiseai-asr/audio_from_text/tts_text_0599.wav,nepali
/home/oem/wiseyak/prakanda/stree-test/wiseai-asr/audio_from_text/tts_text_0600.wav,nepali
/home/oem/wiseyak/prakanda/stree-test/wiseai-asr/audio_from_text/tts_text_0601.wav,nepali
/home/oem/wiseyak/prakanda/stree-test/wiseai-asr/audio_from_text/tts_text_0602.wav,nepali
/home/oem/wiseyak/prakanda/stree-test/wiseai-asr/audio_from_text/tts_text_0603.wav,nepali
/home/oem/wiseyak/prakanda/stree-test/wiseai-asr/audio_from_text/tts_text_0604.wav,nepali
/home/oem/wiseyak/prakanda/stree-test/wiseai-asr/audio_from_text/tts_text_0605.wav,nepali
/home/oem/wiseyak/prakanda/stree-test/wiseai-asr/audio_from_text/tts_text_0606.wav,nepali
/home/oem/wiseyak/prakanda/stree-test/wiseai-asr/audio_from_text/tts_text_0607.wav,nepali
/home/oem/wiseyak/prakanda/stree-test/wiseai-asr/audio_from_text/tts_text_0608.wav,nepali
/home/oem/wiseyak/prakanda/stree-test/wiseai-asr/audio_from_text/tts_text_0609.wav,nepali
/home/oem/wiseyak/prakanda/stree-test/wiseai-asr/audio_from_text/tts_text_0610.wav,nepali
/home/oem/wiseyak/prakanda/stree-test/wiseai-asr/audio_from_text/tts_text_0611.wav,nepali
/home/oem/wiseyak/prakanda/stree-test/wiseai-asr/audio_from_text/tts_text_0612.wav,nepali
/home/oem/wiseyak/prakanda/stree-test/wiseai-asr/audio_from_text/tts_text_0613.wav,nepali
/home/oem/wiseyak/prakanda/stree-test/wiseai-asr/audio_from_text/tts_text_0614.wav,nepali
/home/oem/wiseyak/prakanda/stree-test/wiseai-asr/audio_from_text/tts_text_0615.wav,nepali
/home/oem/wiseyak/prakanda/stree-test/wiseai-asr/audio_from_text/tts_text_0616.wav,nepali
/home/oem/wiseyak/prakanda/stree-test/wiseai-asr/audio_from_text/tts_text_0617.wav,nepali
/home/oem/wiseyak/prakanda/stree-test/wiseai-asr/audio_from_text/tts_text_0618.wav,nepali
/home/oem/wiseyak/prakanda/stree-test/wiseai-asr/audio_from_text/tts_text_0619.wav,nepali
/home/oem/wiseyak/prakanda/stree-test/wiseai-asr/audio_from_text/tts_text_0620.wav,nepali
/home/oem/wiseyak/prakanda/stree-test/wiseai-asr/audio_from_text/tts_text_0621.wav,nepali
/home/oem/wiseyak/prakanda/stree-test/wiseai-asr/audio_from_text/tts_text_0622.wav,nepali
/home/oem/wiseyak/prakanda/stree-test/wiseai-asr/audio_from_text/tts_text_0623.wav,nepali
/home/oem/wiseyak/prakanda/stree-test/wiseai-asr/audio_from_text/tts_text_0624.wav,nepali
/home/oem/wiseyak/prakanda/stree-test/wiseai-asr/audio_from_text/tts_text_0625.wav,nepali
/home/oem/wiseyak/prakanda/stree-test/wiseai-asr/audio_from_text/tts_text_0626.wav,nepali
/home/oem/wiseyak/prakanda/stree-test/wiseai-asr/audio_from_text/tts_text_0627.wav,nepali
/home/oem/wiseyak/prakanda/stree-test/wiseai-asr/audio_from_text/tts_text_0628.wav,nepali
/home/oem/wiseyak/prakanda/stree-test/wiseai-asr/audio_from_text/tts_text_0629.wav,nepali
/home/oem/wiseyak/prakanda/stree-test/wiseai-asr/audio_from_text/tts_text_0630.wav,nepali
/home/oem/wiseyak/prakanda/stree-test/wiseai-asr/audio_from_text/tts_text_0631.wav,nepali
/home/oem/wiseyak/prakanda/stree-test/wiseai-asr/audio_from_text/tts_text_0632.wav,nepali
/home/oem/wiseyak/prakanda/stree-test/wiseai-asr/audio_from_text/tts_text_0633.wav,nepali
/home/oem/wiseyak/prakanda/stree-test/wiseai-asr/audio_from_text/tts_text_0634.wav,nepali
/home/oem/wiseyak/prakanda/stree-test/wiseai-asr/audio_from_text/tts_text_0635.wav,nepali
/home/oem/wiseyak/prakanda/stree-test/wiseai-asr/audio_from_text/tts_text_0636.wav,nepali
/home/oem/wiseyak/prakanda/stree-test/wiseai-asr/audio_from_text/tts_text_0637.wav,nepali
/home/oem/wiseyak/prakanda/stree-test/wiseai-asr/audio_from_text/tts_text_0638.wav,nepali
/home/oem/wiseyak/prakanda/stree-test/wiseai-asr/audio_from_text/tts_text_0639.wav,nepali
/home/oem/wiseyak/prakanda/stree-test/wiseai-asr/audio_from_text/tts_text_0640.wav,nepali
/home/oem/wiseyak/prakanda/stree-test/wiseai-asr/audio_from_text/tts_text_0641.wav,nepali
/home/oem/wiseyak/prakanda/stree-test/wiseai-asr/audio_from_text/tts_text_0642.wav,nepali
/home/oem/wiseyak/prakanda/stree-test/wiseai-asr/audio_from_text/tts_text_0643.wav,nepali
/home/oem/wiseyak/prakanda/stree-test/wiseai-asr/audio_from_text/tts_text_0644.wav,nepali
/home/oem/wiseyak/prakanda/stree-test/wiseai-asr/audio_from_text/tts_text_0645.wav,nepali
/home/oem/wiseyak/prakanda/stree-test/wiseai-asr/audio_from_text/tts_text_0646.wav,nepali
/home/oem/wiseyak/prakanda/stree-test/wiseai-asr/audio_from_text/tts_text_0647.wav,nepali
/home/oem/wiseyak/prakanda/stree-test/wiseai-asr/audio_from_text/tts_text_0648.wav,nepali
/home/oem/wiseyak/prakanda/stree-test/wiseai-asr/audio_from_text/tts_text_0649.wav,nepali
/home/oem/wiseyak/prakanda/stree-test/wiseai-asr/audio_from_text/tts_text_0650.wav,nepali
/home/oem/wiseyak/prakanda/stree-test/wiseai-asr/audio_from_text/tts_text_0651.wav,nepali
/home/oem/wiseyak/prakanda/stree-test/wiseai-asr/audio_from_text/tts_text_0652.wav,nepali
/home/oem/wiseyak/prakanda/stree-test/wiseai-asr/audio_from_text/tts_text_0653.wav,nepali
/home/oem/wiseyak/prakanda/stree-test/wiseai-asr/audio_from_text/tts_text_0654.wav,nepali
/home/oem/wiseyak/prakanda/stree-test/wiseai-asr/audio_from_text/tts_text_0655.wav,nepali
/home/oem/wiseyak/prakanda/stree-test/wiseai-asr/audio_from_text/tts_text_0656.wav,nepali
/home/oem/wiseyak/prakanda/stree-test/wiseai-asr/audio_from_text/tts_text_0657.wav,nepali
/home/oem/wiseyak/prakanda/stree-test/wiseai-asr/audio_from_text/tts_text_0658.wav,nepali
/home/oem/wiseyak/prakanda/stree-test/wiseai-asr/audio_from_text/tts_text_0659.wav,nepali
/home/oem/wiseyak/prakanda/stree-test/wiseai-asr/audio_from_text/tts_text_0660.wav,nepali
/home/oem/wiseyak/prakanda/stree-test/wiseai-asr/audio_from_text/tts_text_0661.wav,nepali
/home/oem/wiseyak/prakanda/stree-test/wiseai-asr/audio_from_text/tts_text_0662.wav,nepali
/home/oem/wiseyak/prakanda/stree-test/wiseai-asr/audio_from_text/tts_text_0663.wav,nepali
/home/oem/wiseyak/prakanda/stree-test/wiseai-asr/audio_from_text/tts_text_0664.wav,nepali
/home/oem/wiseyak/prakanda/stree-test/wiseai-asr/audio_from_text/tts_text_0665.wav,nepali
/home/oem/wiseyak/prakanda/stree-test/wiseai-asr/audio_from_text/tts_text_0666.wav,nepali
/home/oem/wiseyak/prakanda/stree-test/wiseai-asr/audio_from_text/tts_text_0667.wav,nepali
/home/oem/wiseyak/prakanda/stree-test/wiseai-asr/audio_from_text/tts_text_0668.wav,nepali
/home/oem/wiseyak/prakanda/stree-test/wiseai-asr/audio_from_text/tts_text_0669.wav,nepali
/home/oem/wiseyak/prakanda/stree-test/wiseai-asr/audio_from_text/tts_text_0670.wav,nepali
/home/oem/wiseyak/prakanda/stree-test/wiseai-asr/audio_from_text/tts_text_0671.wav,nepali
/home/oem/wiseyak/prakanda/stree-test/wiseai-asr/audio_from_text/tts_text_0672.wav,nepali
/home/oem/wiseyak/prakanda/stree-test/wiseai-asr/audio_from_text/tts_text_0673.wav,nepali
/home/oem/wiseyak/prakanda/stree-test/wiseai-asr/audio_from_text/tts_text_0674.wav,nepali
/home/oem/wiseyak/prakanda/stree-test/wiseai-asr/audio_from_text/tts_text_0675.wav,nepali
/home/oem/wiseyak/prakanda/stree-test/wiseai-asr/audio_from_text/tts_text_0676.wav,nepali
/home/oem/wiseyak/prakanda/stree-test/wiseai-asr/audio_from_text/tts_text_0677.wav,nepali
/home/oem/wiseyak/prakanda/stree-test/wiseai-asr/audio_from_text/tts_text_0678.wav,nepali
/home/oem/wiseyak/prakanda/stree-test/wiseai-asr/audio_from_text/tts_text_0679.wav,nepali
/home/oem/wiseyak/prakanda/stree-test/wiseai-asr/audio_from_text/tts_text_0680.wav,nepali
/home/oem/wiseyak/prakanda/stree-test/wiseai-asr/audio_from_text/tts_text_0681.wav,nepali
/home/oem/wiseyak/prakanda/stree-test/wiseai-asr/audio_from_text/tts_text_0682.wav,nepali
/home/oem/wiseyak/prakanda/stree-test/wiseai-asr/audio_from_text/tts_text_0683.wav,nepali
/home/oem/wiseyak/prakanda/stree-test/wiseai-asr/audio_from_text/tts_text_0684.wav,nepali
/home/oem/wiseyak/prakanda/stree-test/wiseai-asr/audio_from_text/tts_text_0685.wav,nepali
/home/oem/wiseyak/prakanda/stree-test/wiseai-asr/audio_from_text/tts_text_0686.wav,nepali
/home/oem/wiseyak/prakanda/stree-test/wiseai-asr/audio_from_text/tts_text_0687.wav,nepali
/home/oem/wiseyak/prakanda/stree-test/wiseai-asr/audio_from_text/tts_text_0688.wav,nepali
/home/oem/wiseyak/prakanda/stree-test/wiseai-asr/audio_from_text/tts_text_0689.wav,nepali
/home/oem/wiseyak/prakanda/stree-test/wiseai-asr/audio_from_text/tts_text_0690.wav,nepali
/home/oem/wiseyak/prakanda/stree-test/wiseai-asr/audio_from_text/tts_text_0691.wav,nepali
/home/oem/wiseyak/prakanda/stree-test/wiseai-asr/audio_from_text/tts_text_0692.wav,nepali
/home/oem/wiseyak/prakanda/stree-test/wiseai-asr/audio_from_text/tts_text_0693.wav,nepali
/home/oem/wiseyak/prakanda/stree-test/wiseai-asr/audio_from_text/tts_text_0694.wav,nepali
/home/oem/wiseyak/prakanda/stree-test/wiseai-asr/audio_from_text/tts_text_0695.wav,nepali
/home/oem/wiseyak/prakanda/stree-test/wiseai-asr/audio_from_text/tts_text_0696.wav,nepali
/home/oem/wiseyak/prakanda/stree-test/wiseai-asr/audio_from_text/tts_text_0697.wav,nepali
/home/oem/wiseyak/prakanda/stree-test/wiseai-asr/audio_from_text/tts_text_0698.wav,nepali
/home/oem/wiseyak/prakanda/stree-test/wiseai-asr/audio_from_text/tts_text_0699.wav,nepali
/home/oem/wiseyak/prakanda/stree-test/wiseai-asr/audio_from_text/tts_text_0700.wav,nepali
/home/oem/wiseyak/prakanda/stree-test/wiseai-asr/audio_from_text/tts_text_0701.wav,nepali
/home/oem/wiseyak/prakanda/stree-test/wiseai-asr/audio_from_text/tts_text_0702.wav,nepali
/home/oem/wiseyak/prakanda/stree-test/wiseai-asr/audio_from_text/tts_text_0703.wav,nepali
/home/oem/wiseyak/prakanda/stree-test/wiseai-asr/audio_from_text/tts_text_0704.wav,nepali
/home/oem/wiseyak/prakanda/stree-test/wiseai-asr/audio_from_text/tts_text_0705.wav,nepali
/home/oem/wiseyak/prakanda/stree-test/wiseai-asr/audio_from_text/tts_text_0706.wav,nepali
/home/oem/wiseyak/prakanda/stree-test/wiseai-asr/audio_from_text/tts_text_0707.wav,nepali
/home/oem/wiseyak/prakanda/stree-test/wiseai-asr/audio_from_text/tts_text_0708.wav,nepali
/home/oem/wiseyak/prakanda/stree-test/wiseai-asr/audio_from_text/tts_text_0709.wav,nepali
/home/oem/wiseyak/prakanda/stree-test/wiseai-asr/audio_from_text/tts_text_0710.wav,nepali
/home/oem/wiseyak/prakanda/stree-test/wiseai-asr/audio_from_text/tts_text_0711.wav,nepali
/home/oem/wiseyak/prakanda/stree-test/wiseai-asr/audio_from_text/tts_text_0712.wav,nepali
/home/oem/wiseyak/prakanda/stree-test/wiseai-asr/audio_from_text/tts_text_0713.wav,nepali
/home/oem/wiseyak/prakanda/stree-test/wiseai-asr/audio_from_text/tts_text_0714.wav,nepali
/home/oem/wiseyak/prakanda/stree-test/wiseai-asr/audio_from_text/tts_text_0715.wav,nepali
/home/oem/wiseyak/prakanda/stree-test/wiseai-asr/audio_from_text/tts_text_0716.wav,nepali
/home/oem/wiseyak/prakanda/stree-test/wiseai-asr/audio_from_text/tts_text_0717.wav,nepali
/home/oem/wiseyak/prakanda/stree-test/wiseai-asr/audio_from_text/tts_text_0718.wav,nepali
/home/oem/wiseyak/prakanda/stree-test/wiseai-asr/audio_from_text/tts_text_0719.wav,nepali
/home/oem/wiseyak/prakanda/stree-test/wiseai-asr/audio_from_text/tts_text_0720.wav,nepali
/home/oem/wiseyak/prakanda/stree-test/wiseai-asr/audio_from_text/tts_text_0721.wav,nepali
/home/oem/wiseyak/prakanda/stree-test/wiseai-asr/audio_from_text/tts_text_0722.wav,nepali
/home/oem/wiseyak/prakanda/stree-test/wiseai-asr/audio_from_text/tts_text_0723.wav,nepali
/home/oem/wiseyak/prakanda/stree-test/wiseai-asr/audio_from_text/tts_text_0724.wav,nepali
/home/oem/wiseyak/prakanda/stree-test/wiseai-asr/audio_from_text/tts_text_0725.wav,nepali
/home/oem/wiseyak/prakanda/stree-test/wiseai-asr/audio_from_text/tts_text_0726.wav,nepali
/home/oem/wiseyak/prakanda/stree-test/wiseai-asr/audio_from_text/tts_text_0727.wav,nepali
/home/oem/wiseyak/prakanda/stree-test/wiseai-asr/audio_from_text/tts_text_0728.wav,nepali
/home/oem/wiseyak/prakanda/stree-test/wiseai-asr/audio_from_text/tts_text_0729.wav,nepali
/home/oem/wiseyak/prakanda/stree-test/wiseai-asr/audio_from_text/tts_text_0730.wav,nepali
/home/oem/wiseyak/prakanda/stree-test/wiseai-asr/audio_from_text/tts_text_0731.wav,nepali
/home/oem/wiseyak/prakanda/stree-test/wiseai-asr/audio_from_text/tts_text_0732.wav,nepali
/home/oem/wiseyak/prakanda/stree-test/wiseai-asr/audio_from_text/tts_text_0733.wav,nepali
/home/oem/wiseyak/prakanda/stree-test/wiseai-asr/audio_from_text/tts_text_0734.wav,nepali
/home/oem/wiseyak/prakanda/stree-test/wiseai-asr/audio_from_text/tts_text_0735.wav,nepali
/home/oem/wiseyak/prakanda/stree-test/wiseai-asr/audio_from_text/tts_text_0736.wav,nepali
/home/oem/wiseyak/prakanda/stree-test/wiseai-asr/audio_from_text/tts_text_0737.wav,nepali
/home/oem/wiseyak/prakanda/stree-test/wiseai-asr/audio_from_text/tts_text_0738.wav,nepali
/home/oem/wiseyak/prakanda/stree-test/wiseai-asr/audio_from_text/tts_text_0739.wav,nepali
/home/oem/wiseyak/prakanda/stree-test/wiseai-asr/audio_from_text/tts_text_0740.wav,nepali
/home/oem/wiseyak/prakanda/stree-test/wiseai-asr/audio_from_text/tts_text_0741.wav,nepali
/home/oem/wiseyak/prakanda/stree-test/wiseai-asr/audio_from_text/tts_text_0742.wav,nepali
/home/oem/wiseyak/prakanda/stree-test/wiseai-asr/audio_from_text/tts_text_0743.wav,nepali
/home/oem/wiseyak/prakanda/stree-test/wiseai-asr/audio_from_text/tts_text_0744.wav,nepali
/home/oem/wiseyak/prakanda/stree-test/wiseai-asr/audio_from_text/tts_text_0745.wav,nepali
/home/oem/wiseyak/prakanda/stree-test/wiseai-asr/audio_from_text/tts_text_0746.wav,nepali
/home/oem/wiseyak/prakanda/stree-test/wiseai-asr/audio_from_text/tts_text_0747.wav,nepali
/home/oem/wiseyak/prakanda/stree-test/wiseai-asr/audio_from_text/tts_text_0748.wav,nepali
/home/oem/wiseyak/prakanda/stree-test/wiseai-asr/audio_from_text/tts_text_0749.wav,nepali
/home/oem/wiseyak/prakanda/stree-test/wiseai-asr/audio_from_text/tts_text_0750.wav,nepali
/home/oem/wiseyak/prakanda/stree-test/wiseai-asr/audio_from_text/tts_text_0751.wav,nepali
/home/oem/wiseyak/prakanda/stree-test/wiseai-asr/audio_from_text/tts_text_0752.wav,nepali
/home/oem/wiseyak/prakanda/stree-test/wiseai-asr/audio_from_text/tts_text_0753.wav,nepali
/home/oem/wiseyak/prakanda/stree-test/wiseai-asr/audio_from_text/tts_text_0754.wav,nepali
/home/oem/wiseyak/prakanda/stree-test/wiseai-asr/audio_from_text/tts_text_0755.wav,nepali
/home/oem/wiseyak/prakanda/stree-test/wiseai-asr/audio_from_text/tts_text_0756.wav,nepali
/home/oem/wiseyak/prakanda/stree-test/wiseai-asr/audio_from_text/tts_text_0757.wav,nepali
/home/oem/wiseyak/prakanda/stree-test/wiseai-asr/audio_from_text/tts_text_0758.wav,nepali
/home/oem/wiseyak/prakanda/stree-test/wiseai-asr/audio_from_text/tts_text_0759.wav,nepali
/home/oem/wiseyak/prakanda/stree-test/wiseai-asr/audio_from_text/tts_text_0760.wav,nepali
/home/oem/wiseyak/prakanda/stree-test/wiseai-asr/audio_from_text/tts_text_0761.wav,nepali
/home/oem/wiseyak/prakanda/stree-test/wiseai-asr/audio_from_text/tts_text_0762.wav,nepali
/home/oem/wiseyak/prakanda/stree-test/wiseai-asr/audio_from_text/tts_text_0763.wav,nepali
/home/oem/wiseyak/prakanda/stree-test/wiseai-asr/audio_from_text/tts_text_0764.wav,nepali
/home/oem/wiseyak/prakanda/stree-test/wiseai-asr/audio_from_text/tts_text_0765.wav,nepali
/home/oem/wiseyak/prakanda/stree-test/wiseai-asr/audio_from_text/tts_text_0766.wav,nepali
/home/oem/wiseyak/prakanda/stree-test/wiseai-asr/audio_from_text/tts_text_0767.wav,nepali
/home/oem/wiseyak/prakanda/stree-test/wiseai-asr/audio_from_text/tts_text_0768.wav,nepali
/home/oem/wiseyak/prakanda/stree-test/wiseai-asr/audio_from_text/tts_text_0769.wav,nepali
/home/oem/wiseyak/prakanda/stree-test/wiseai-asr/audio_from_text/tts_text_0770.wav,nepali
/home/oem/wiseyak/prakanda/stree-test/wiseai-asr/audio_from_text/tts_text_0771.wav,nepali
/home/oem/wiseyak/prakanda/stree-test/wiseai-asr/audio_from_text/tts_text_0772.wav,nepali
/home/oem/wiseyak/prakanda/stree-test/wiseai-asr/audio_from_text/tts_text_0773.wav,nepali
/home/oem/wiseyak/prakanda/stree-test/wiseai-asr/audio_from_text/tts_text_0774.wav,nepali
/home/oem/wiseyak/prakanda/stree-test/wiseai-asr/audio_from_text/tts_text_0775.wav,nepali
/home/oem/wiseyak/prakanda/stree-test/wiseai-asr/audio_from_text/tts_text_0776.wav,nepali
/home/oem/wiseyak/prakanda/stree-test/wiseai-asr/audio_from_text/tts_text_0777.wav,nepali
/home/oem/wiseyak/prakanda/stree-test/wiseai-asr/audio_from_text/tts_text_0778.wav,nepali
/home/oem/wiseyak/prakanda/stree-test/wiseai-asr/audio_from_text/tts_text_0779.wav,nepali
/home/oem/wiseyak/prakanda/stree-test/wiseai-asr/audio_from_text/tts_text_0780.wav,nepali
/home/oem/wiseyak/prakanda/stree-test/wiseai-asr/audio_from_text/tts_text_0781.wav,nepali
/home/oem/wiseyak/prakanda/stree-test/wiseai-asr/audio_from_text/tts_text_0782.wav,nepali
/home/oem/wiseyak/prakanda/stree-test/wiseai-asr/audio_from_text/tts_text_0783.wav,nepali
/home/oem/wiseyak/prakanda/stree-test/wiseai-asr/audio_from_text/tts_text_0784.wav,nepali
/home/oem/wiseyak/prakanda/stree-test/wiseai-asr/audio_from_text/tts_text_0785.wav,nepali
/home/oem/wiseyak/prakanda/stree-test/wiseai-asr/audio_from_text/tts_text_0786.wav,nepali
/home/oem/wiseyak/prakanda/stree-test/wiseai-asr/audio_from_text/tts_text_0787.wav,nepali
/home/oem/wiseyak/prakanda/stree-test/wiseai-asr/audio_from_text/tts_text_0788.wav,nepali
/home/oem/wiseyak/prakanda/stree-test/wiseai-asr/audio_from_text/tts_text_0789.wav,nepali
/home/oem/wiseyak/prakanda/stree-test/wiseai-asr/audio_from_text/tts_text_0790.wav,nepali
/home/oem/wiseyak/prakanda/stree-test/wiseai-asr/audio_from_text/tts_text_0791.wav,nepali
/home/oem/wiseyak/prakanda/stree-test/wiseai-asr/audio_from_text/tts_text_0792.wav,nepali
/home/oem/wiseyak/prakanda/stree-test/wiseai-asr/audio_from_text/tts_text_0793.wav,nepali
/home/oem/wiseyak/prakanda/stree-test/wiseai-asr/audio_from_text/tts_text_0794.wav,nepali
/home/oem/wiseyak/prakanda/stree-test/wiseai-asr/audio_from_text/tts_text_0795.wav,nepali
/home/oem/wiseyak/prakanda/stree-test/wiseai-asr/audio_from_text/tts_text_0796.wav,nepali
/home/oem/wiseyak/prakanda/stree-test/wiseai-asr/audio_from_text/tts_text_0797.wav,nepali
/home/oem/wiseyak/prakanda/stree-test/wiseai-asr/audio_from_text/tts_text_0798.wav,nepali
/home/oem/wiseyak/prakanda/stree-test/wiseai-asr/audio_from_text/tts_text_0799.wav,nepali
/home/oem/wiseyak/prakanda/stree-test/wiseai-asr/audio_from_text/tts_text_0800.wav,nepali
/home/oem/wiseyak/prakanda/stree-test/wiseai-asr/audio_from_text/tts_text_0801.wav,nepali
/home/oem/wiseyak/prakanda/stree-test/wiseai-asr/audio_from_text/tts_text_0802.wav,nepali
/home/oem/wiseyak/prakanda/stree-test/wiseai-asr/audio_from_text/tts_text_0803.wav,nepali
/home/oem/wiseyak/prakanda/stree-test/wiseai-asr/audio_from_text/tts_text_0804.wav,nepali
/home/oem/wiseyak/prakanda/stree-test/wiseai-asr/audio_from_text/tts_text_0805.wav,nepali
/home/oem/wiseyak/prakanda/stree-test/wiseai-asr/audio_from_text/tts_text_0806.wav,nepali
/home/oem/wiseyak/prakanda/stree-test/wiseai-asr/audio_from_text/tts_text_0807.wav,nepali
/home/oem/wiseyak/prakanda/stree-test/wiseai-asr/audio_from_text/tts_text_0808.wav,nepali
/home/oem/wiseyak/prakanda/stree-test/wiseai-asr/audio_from_text/tts_text_0809.wav,nepali
/home/oem/wiseyak/prakanda/stree-test/wiseai-asr/audio_from_text/tts_text_0810.wav,nepali
/home/oem/wiseyak/prakanda/stree-test/wiseai-asr/audio_from_text/tts_text_0811.wav,nepali
/home/oem/wiseyak/prakanda/stree-test/wiseai-asr/audio_from_text/tts_text_0812.wav,nepali
/home/oem/wiseyak/prakanda/stree-test/wiseai-asr/audio_from_text/tts_text_0813.wav,nepali
/home/oem/wiseyak/prakanda/stree-test/wiseai-asr/audio_from_text/tts_text_0814.wav,nepali
/home/oem/wiseyak/prakanda/stree-test/wiseai-asr/audio_from_text/tts_text_0815.wav,nepali
/home/oem/wiseyak/prakanda/stree-test/wiseai-asr/audio_from_text/tts_text_0816.wav,nepali
/home/oem/wiseyak/prakanda/stree-test/wiseai-asr/audio_from_text/tts_text_0817.wav,nepali
/home/oem/wiseyak/prakanda/stree-test/wiseai-asr/audio_from_text/tts_text_0818.wav,nepali
/home/oem/wiseyak/prakanda/stree-test/wiseai-asr/audio_from_text/tts_text_0819.wav,nepali
/home/oem/wiseyak/prakanda/stree-test/wiseai-asr/audio_from_text/tts_text_0820.wav,nepali
/home/oem/wiseyak/prakanda/stree-test/wiseai-asr/audio_from_text/tts_text_0821.wav,nepali
/home/oem/wiseyak/prakanda/stree-test/wiseai-asr/audio_from_text/tts_text_0822.wav,nepali
/home/oem/wiseyak/prakanda/stree-test/wiseai-asr/audio_from_text/tts_text_0823.wav,nepali
/home/oem/wiseyak/prakanda/stree-test/wiseai-asr/audio_from_text/tts_text_0824.wav,nepali
/home/oem/wiseyak/prakanda/stree-test/wiseai-asr/audio_from_text/tts_text_0825.wav,nepali
/home/oem/wiseyak/prakanda/stree-test/wiseai-asr/audio_from_text/tts_text_0826.wav,nepali
/home/oem/wiseyak/prakanda/stree-test/wiseai-asr/audio_from_text/tts_text_0827.wav,nepali
/home/oem/wiseyak/prakanda/stree-test/wiseai-asr/audio_from_text/tts_text_0828.wav,nepali
/home/oem/wiseyak/prakanda/stree-test/wiseai-asr/audio_from_text/tts_text_0829.wav,nepali
/home/oem/wiseyak/prakanda/stree-test/wiseai-asr/audio_from_text/tts_text_0830.wav,nepali
/home/oem/wiseyak/prakanda/stree-test/wiseai-asr/audio_from_text/tts_text_0831.wav,nepali
/home/oem/wiseyak/prakanda/stree-test/wiseai-asr/audio_from_text/tts_text_0832.wav,nepali
/home/oem/wiseyak/prakanda/stree-test/wiseai-asr/audio_from_text/tts_text_0833.wav,nepali
/home/oem/wiseyak/prakanda/stree-test/wiseai-asr/audio_from_text/tts_text_0834.wav,nepali
/home/oem/wiseyak/prakanda/stree-test/wiseai-asr/audio_from_text/tts_text_0835.wav,nepali
/home/oem/wiseyak/prakanda/stree-test/wiseai-asr/audio_from_text/tts_text_0836.wav,nepali
/home/oem/wiseyak/prakanda/stree-test/wiseai-asr/audio_from_text/tts_text_0837.wav,nepali
/home/oem/wiseyak/prakanda/stree-test/wiseai-asr/audio_from_text/tts_text_0838.wav,nepali
/home/oem/wiseyak/prakanda/stree-test/wiseai-asr/audio_from_text/tts_text_0839.wav,nepali
/home/oem/wiseyak/prakanda/stree-test/wiseai-asr/audio_from_text/tts_text_0840.wav,nepali
/home/oem/wiseyak/prakanda/stree-test/wiseai-asr/audio_from_text/tts_text_0841.wav,nepali
/home/oem/wiseyak/prakanda/stree-test/wiseai-asr/audio_from_text/tts_text_0842.wav,nepali
/home/oem/wiseyak/prakanda/stree-test/wiseai-asr/audio_from_text/tts_text_0843.wav,nepali
/home/oem/wiseyak/prakanda/stree-test/wiseai-asr/audio_from_text/tts_text_0844.wav,nepali
/home/oem/wiseyak/prakanda/stree-test/wiseai-asr/audio_from_text/tts_text_0845.wav,nepali
/home/oem/wiseyak/prakanda/stree-test/wiseai-asr/audio_from_text/tts_text_0846.wav,nepali
/home/oem/wiseyak/prakanda/stree-test/wiseai-asr/audio_from_text/tts_text_0847.wav,nepali
/home/oem/wiseyak/prakanda/stree-test/wiseai-asr/audio_from_text/tts_text_0848.wav,nepali
/home/oem/wiseyak/prakanda/stree-test/wiseai-asr/audio_from_text/tts_text_0849.wav,nepali
/home/oem/wiseyak/prakanda/stree-test/wiseai-asr/audio_from_text/tts_text_0850.wav,nepali
/home/oem/wiseyak/prakanda/stree-test/wiseai-asr/audio_from_text/tts_text_0851.wav,nepali
/home/oem/wiseyak/prakanda/stree-test/wiseai-asr/audio_from_text/tts_text_0852.wav,nepali
/home/oem/wiseyak/prakanda/stree-test/wiseai-asr/audio_from_text/tts_text_0853.wav,nepali
/home/oem/wiseyak/prakanda/stree-test/wiseai-asr/audio_from_text/tts_text_0854.wav,nepali
/home/oem/wiseyak/prakanda/stree-test/wiseai-asr/audio_from_text/tts_text_0855.wav,nepali
/home/oem/wiseyak/prakanda/stree-test/wiseai-asr/audio_from_text/tts_text_0856.wav,nepali
/home/oem/wiseyak/prakanda/stree-test/wiseai-asr/audio_from_text/tts_text_0857.wav,nepali
/home/oem/wiseyak/prakanda/stree-test/wiseai-asr/audio_from_text/tts_text_0858.wav,nepali
/home/oem/wiseyak/prakanda/stree-test/wiseai-asr/audio_from_text/tts_text_0859.wav,nepali
/home/oem/wiseyak/prakanda/stree-test/wiseai-asr/audio_from_text/tts_text_0860.wav,nepali
/home/oem/wiseyak/prakanda/stree-test/wiseai-asr/audio_from_text/tts_text_0861.wav,nepali
/home/oem/wiseyak/prakanda/stree-test/wiseai-asr/audio_from_text/tts_text_0862.wav,nepali
/home/oem/wiseyak/prakanda/stree-test/wiseai-asr/audio_from_text/tts_text_0863.wav,nepali
/home/oem/wiseyak/prakanda/stree-test/wiseai-asr/audio_from_text/tts_text_0864.wav,nepali
/home/oem/wiseyak/prakanda/stree-test/wiseai-asr/audio_from_text/tts_text_0865.wav,nepali
/home/oem/wiseyak/prakanda/stree-test/wiseai-asr/audio_from_text/tts_text_0866.wav,nepali
/home/oem/wiseyak/prakanda/stree-test/wiseai-asr/audio_from_text/tts_text_0867.wav,nepali
/home/oem/wiseyak/prakanda/stree-test/wiseai-asr/audio_from_text/tts_text_0868.wav,nepali
/home/oem/wiseyak/prakanda/stree-test/wiseai-asr/audio_from_text/tts_text_0869.wav,nepali
/home/oem/wiseyak/prakanda/stree-test/wiseai-asr/audio_from_text/tts_text_0870.wav,nepali
/home/oem/wiseyak/prakanda/stree-test/wiseai-asr/audio_from_text/tts_text_0871.wav,nepali
/home/oem/wiseyak/prakanda/stree-test/wiseai-asr/audio_from_text/tts_text_0872.wav,nepali
/home/oem/wiseyak/prakanda/stree-test/wiseai-asr/audio_from_text/tts_text_0873.wav,nepali
/home/oem/wiseyak/prakanda/stree-test/wiseai-asr/audio_from_text/tts_text_0874.wav,nepali
/home/oem/wiseyak/prakanda/stree-test/wiseai-asr/audio_from_text/tts_text_0875.wav,nepali
/home/oem/wiseyak/prakanda/stree-test/wiseai-asr/audio_from_text/tts_text_0876.wav,nepali
/home/oem/wiseyak/prakanda/stree-test/wiseai-asr/audio_from_text/tts_text_0877.wav,nepali
/home/oem/wiseyak/prakanda/stree-test/wiseai-asr/audio_from_text/tts_text_0878.wav,nepali
/home/oem/wiseyak/prakanda/stree-test/wiseai-asr/audio_from_text/tts_text_0879.wav,nepali
/home/oem/wiseyak/prakanda/stree-test/wiseai-asr/audio_from_text/tts_text_0880.wav,nepali
/home/oem/wiseyak/prakanda/stree-test/wiseai-asr/audio_from_text/tts_text_0881.wav,nepali
/home/oem/wiseyak/prakanda/stree-test/wiseai-asr/audio_from_text/tts_text_0882.wav,nepali
/home/oem/wiseyak/prakanda/stree-test/wiseai-asr/audio_from_text/tts_text_0883.wav,nepali
/home/oem/wiseyak/prakanda/stree-test/wiseai-asr/audio_from_text/tts_text_0884.wav,nepali
/home/oem/wiseyak/prakanda/stree-test/wiseai-asr/audio_from_text/tts_text_0885.wav,nepali
/home/oem/wiseyak/prakanda/stree-test/wiseai-asr/audio_from_text/tts_text_0886.wav,nepali
/home/oem/wiseyak/prakanda/stree-test/wiseai-asr/audio_from_text/tts_text_0887.wav,nepali
/home/oem/wiseyak/prakanda/stree-test/wiseai-asr/audio_from_text/tts_text_0888.wav,nepali
/home/oem/wiseyak/prakanda/stree-test/wiseai-asr/audio_from_text/tts_text_0889.wav,nepali
/home/oem/wiseyak/prakanda/stree-test/wiseai-asr/audio_from_text/tts_text_0890.wav,nepali
/home/oem/wiseyak/prakanda/stree-test/wiseai-asr/audio_from_text/tts_text_0891.wav,nepali
/home/oem/wiseyak/prakanda/stree-test/wiseai-asr/audio_from_text/tts_text_0892.wav,nepali
/home/oem/wiseyak/prakanda/stree-test/wiseai-asr/audio_from_text/tts_text_0893.wav,nepali
/home/oem/wiseyak/prakanda/stree-test/wiseai-asr/audio_from_text/tts_text_0894.wav,nepali
/home/oem/wiseyak/prakanda/stree-test/wiseai-asr/audio_from_text/tts_text_0895.wav,nepali
/home/oem/wiseyak/prakanda/stree-test/wiseai-asr/audio_from_text/tts_text_0896.wav,nepali
/home/oem/wiseyak/prakanda/stree-test/wiseai-asr/audio_from_text/tts_text_0897.wav,nepali
/home/oem/wiseyak/prakanda/stree-test/wiseai-asr/audio_from_text/tts_text_0898.wav,nepali
/home/oem/wiseyak/prakanda/stree-test/wiseai-asr/audio_from_text/tts_text_0899.wav,nepali
/home/oem/wiseyak/prakanda/stree-test/wiseai-asr/audio_from_text/tts_text_0900.wav,nepali
/home/oem/wiseyak/prakanda/stree-test/wiseai-asr/audio_from_text/tts_text_0901.wav,nepali
/home/oem/wiseyak/prakanda/stree-test/wiseai-asr/audio_from_text/tts_text_0902.wav,nepali
/home/oem/wiseyak/prakanda/stree-test/wiseai-asr/audio_from_text/tts_text_0903.wav,nepali
/home/oem/wiseyak/prakanda/stree-test/wiseai-asr/audio_from_text/tts_text_0904.wav,nepali
/home/oem/wiseyak/prakanda/stree-test/wiseai-asr/audio_from_text/tts_text_0905.wav,nepali
/home/oem/wiseyak/prakanda/stree-test/wiseai-asr/audio_from_text/tts_text_0906.wav,nepali
/home/oem/wiseyak/prakanda/stree-test/wiseai-asr/audio_from_text/tts_text_0907.wav,nepali
/home/oem/wiseyak/prakanda/stree-test/wiseai-asr/audio_from_text/tts_text_0908.wav,nepali
/home/oem/wiseyak/prakanda/stree-test/wiseai-asr/audio_from_text/tts_text_0909.wav,nepali
/home/oem/wiseyak/prakanda/stree-test/wiseai-asr/audio_from_text/tts_text_0910.wav,nepali
/home/oem/wiseyak/prakanda/stree-test/wiseai-asr/audio_from_text/tts_text_0911.wav,nepali
/home/oem/wiseyak/prakanda/stree-test/wiseai-asr/audio_from_text/tts_text_0912.wav,nepali
/home/oem/wiseyak/prakanda/stree-test/wiseai-asr/audio_from_text/tts_text_0913.wav,nepali
/home/oem/wiseyak/prakanda/stree-test/wiseai-asr/audio_from_text/tts_text_0914.wav,nepali
/home/oem/wiseyak/prakanda/stree-test/wiseai-asr/audio_from_text/tts_text_0915.wav,nepali
/home/oem/wiseyak/prakanda/stree-test/wiseai-asr/audio_from_text/tts_text_0916.wav,nepali
/home/oem/wiseyak/prakanda/stree-test/wiseai-asr/audio_from_text/tts_text_0917.wav,nepali
/home/oem/wiseyak/prakanda/stree-test/wiseai-asr/audio_from_text/tts_text_0918.wav,nepali
/home/oem/wiseyak/prakanda/stree-test/wiseai-asr/audio_from_text/tts_text_0919.wav,nepali
/home/oem/wiseyak/prakanda/stree-test/wiseai-asr/audio_from_text/tts_text_0920.wav,nepali
/home/oem/wiseyak/prakanda/stree-test/wiseai-asr/audio_from_text/tts_text_0921.wav,nepali
/home/oem/wiseyak/prakanda/stree-test/wiseai-asr/audio_from_text/tts_text_0922.wav,nepali
/home/oem/wiseyak/prakanda/stree-test/wiseai-asr/audio_from_text/tts_text_0923.wav,nepali
/home/oem/wiseyak/prakanda/stree-test/wiseai-asr/audio_from_text/tts_text_0924.wav,nepali
/home/oem/wiseyak/prakanda/stree-test/wiseai-asr/audio_from_text/tts_text_0925.wav,nepali
/home/oem/wiseyak/prakanda/stree-test/wiseai-asr/audio_from_text/tts_text_0926.wav,nepali
/home/oem/wiseyak/prakanda/stree-test/wiseai-asr/audio_from_text/tts_text_0927.wav,nepali
/home/oem/wiseyak/prakanda/stree-test/wiseai-asr/audio_from_text/tts_text_0928.wav,nepali
/home/oem/wiseyak/prakanda/stree-test/wiseai-asr/audio_from_text/tts_text_0929.wav,nepali
/home/oem/wiseyak/prakanda/stree-test/wiseai-asr/audio_from_text/tts_text_0930.wav,nepali
/home/oem/wiseyak/prakanda/stree-test/wiseai-asr/audio_from_text/tts_text_0931.wav,nepali
/home/oem/wiseyak/prakanda/stree-test/wiseai-asr/audio_from_text/tts_text_0932.wav,nepali
/home/oem/wiseyak/prakanda/stree-test/wiseai-asr/audio_from_text/tts_text_0933.wav,nepali
/home/oem/wiseyak/prakanda/stree-test/wiseai-asr/audio_from_text/tts_text_0934.wav,nepali
/home/oem/wiseyak/prakanda/stree-test/wiseai-asr/audio_from_text/tts_text_0935.wav,nepali
/home/oem/wiseyak/prakanda/stree-test/wiseai-asr/audio_from_text/tts_text_0936.wav,nepali
/home/oem/wiseyak/prakanda/stree-test/wiseai-asr/audio_from_text/tts_text_0937.wav,nepali
/home/oem/wiseyak/prakanda/stree-test/wiseai-asr/audio_from_text/tts_text_0938.wav,nepali
/home/oem/wiseyak/prakanda/stree-test/wiseai-asr/audio_from_text/tts_text_0939.wav,nepali
/home/oem/wiseyak/prakanda/stree-test/wiseai-asr/audio_from_text/tts_text_0940.wav,nepali
/home/oem/wiseyak/prakanda/stree-test/wiseai-asr/audio_from_text/tts_text_0941.wav,nepali
/home/oem/wiseyak/prakanda/stree-test/wiseai-asr/audio_from_text/tts_text_0942.wav,nepali
/home/oem/wiseyak/prakanda/stree-test/wiseai-asr/audio_from_text/tts_text_0943.wav,nepali
/home/oem/wiseyak/prakanda/stree-test/wiseai-asr/audio_from_text/tts_text_0944.wav,nepali
/home/oem/wiseyak/prakanda/stree-test/wiseai-asr/audio_from_text/tts_text_0945.wav,nepali
/home/oem/wiseyak/prakanda/stree-test/wiseai-asr/audio_from_text/tts_text_0946.wav,nepali
/home/oem/wiseyak/prakanda/stree-test/wiseai-asr/audio_from_text/tts_text_0947.wav,nepali
/home/oem/wiseyak/prakanda/stree-test/wiseai-asr/audio_from_text/tts_text_0948.wav,nepali
/home/oem/wiseyak/prakanda/stree-test/wiseai-asr/audio_from_text/tts_text_0949.wav,nepali
/home/oem/wiseyak/prakanda/stree-test/wiseai-asr/audio_from_text/tts_text_0950.wav,nepali
/home/oem/wiseyak/prakanda/stree-test/wiseai-asr/audio_from_text/tts_text_0951.wav,nepali
/home/oem/wiseyak/prakanda/stree-test/wiseai-asr/audio_from_text/tts_text_0952.wav,nepali
/home/oem/wiseyak/prakanda/stree-test/wiseai-asr/audio_from_text/tts_text_0953.wav,nepali
/home/oem/wiseyak/prakanda/stree-test/wiseai-asr/audio_from_text/tts_text_0954.wav,nepali
/home/oem/wiseyak/prakanda/stree-test/wiseai-asr/audio_from_text/tts_text_0955.wav,nepali
/home/oem/wiseyak/prakanda/stree-test/wiseai-asr/audio_from_text/tts_text_0956.wav,nepali
/home/oem/wiseyak/prakanda/stree-test/wiseai-asr/audio_from_text/tts_text_0957.wav,nepali
/home/oem/wiseyak/prakanda/stree-test/wiseai-asr/audio_from_text/tts_text_0958.wav,nepali
/home/oem/wiseyak/prakanda/stree-test/wiseai-asr/audio_from_text/tts_text_0959.wav,nepali
/home/oem/wiseyak/prakanda/stree-test/wiseai-asr/audio_from_text/tts_text_0960.wav,nepali
/home/oem/wiseyak/prakanda/stree-test/wiseai-asr/audio_from_text/tts_text_0961.wav,nepali
/home/oem/wiseyak/prakanda/stree-test/wiseai-asr/audio_from_text/tts_text_0962.wav,nepali
/home/oem/wiseyak/prakanda/stree-test/wiseai-asr/audio_from_text/tts_text_0963.wav,nepali
/home/oem/wiseyak/prakanda/stree-test/wiseai-asr/audio_from_text/tts_text_0964.wav,nepali
/home/oem/wiseyak/prakanda/stree-test/wiseai-asr/audio_from_text/tts_text_0965.wav,nepali
/home/oem/wiseyak/prakanda/stree-test/wiseai-asr/audio_from_text/tts_text_0966.wav,nepali
/home/oem/wiseyak/prakanda/stree-test/wiseai-asr/audio_from_text/tts_text_0967.wav,nepali
/home/oem/wiseyak/prakanda/stree-test/wiseai-asr/audio_from_text/tts_text_0968.wav,nepali
/home/oem/wiseyak/prakanda/stree-test/wiseai-asr/audio_from_text/tts_text_0969.wav,nepali
/home/oem/wiseyak/prakanda/stree-test/wiseai-asr/audio_from_text/tts_text_0970.wav,nepali
/home/oem/wiseyak/prakanda/stree-test/wiseai-asr/audio_from_text/tts_text_0971.wav,nepali
/home/oem/wiseyak/prakanda/stree-test/wiseai-asr/audio_from_text/tts_text_0972.wav,nepali
/home/oem/wiseyak/prakanda/stree-test/wiseai-asr/audio_from_text/tts_text_0973.wav,nepali
/home/oem/wiseyak/prakanda/stree-test/wiseai-asr/audio_from_text/tts_text_0974.wav,nepali
/home/oem/wiseyak/prakanda/stree-test/wiseai-asr/audio_from_text/tts_text_0975.wav,nepali
/home/oem/wiseyak/prakanda/stree-test/wiseai-asr/audio_from_text/tts_text_0976.wav,nepali
/home/oem/wiseyak/prakanda/stree-test/wiseai-asr/audio_from_text/tts_text_0977.wav,nepali
/home/oem/wiseyak/prakanda/stree-test/wiseai-asr/audio_from_text/tts_text_0978.wav,nepali
/home/oem/wiseyak/prakanda/stree-test/wiseai-asr/audio_from_text/tts_text_0979.wav,nepali
/home/oem/wiseyak/prakanda/stree-test/wiseai-asr/audio_from_text/tts_text_0980.wav,nepali
/home/oem/wiseyak/prakanda/stree-test/wiseai-asr/audio_from_text/tts_text_0981.wav,nepali
/home/oem/wiseyak/prakanda/stree-test/wiseai-asr/audio_from_text/tts_text_0982.wav,nepali
/home/oem/wiseyak/prakanda/stree-test/wiseai-asr/audio_from_text/tts_text_0983.wav,nepali
/home/oem/wiseyak/prakanda/stree-test/wiseai-asr/audio_from_text/tts_text_0984.wav,nepali
/home/oem/wiseyak/prakanda/stree-test/wiseai-asr/audio_from_text/tts_text_0985.wav,nepali
/home/oem/wiseyak/prakanda/stree-test/wiseai-asr/audio_from_text/tts_text_0986.wav,nepali
/home/oem/wiseyak/prakanda/stree-test/wiseai-asr/audio_from_text/tts_text_0987.wav,nepali
/home/oem/wiseyak/prakanda/stree-test/wiseai-asr/audio_from_text/tts_text_0988.wav,nepali
/home/oem/wiseyak/prakanda/stree-test/wiseai-asr/audio_from_text/tts_text_0989.wav,nepali
/home/oem/wiseyak/prakanda/stree-test/wiseai-asr/audio_from_text/tts_text_0990.wav,nepali
/home/oem/wiseyak/prakanda/stree-test/wiseai-asr/audio_from_text/tts_text_0991.wav,nepali
/home/oem/wiseyak/prakanda/stree-test/wiseai-asr/audio_from_text/tts_text_0992.wav,nepali
/home/oem/wiseyak/prakanda/stree-test/wiseai-asr/audio_from_text/tts_text_0993.wav,nepali
/home/oem/wiseyak/prakanda/stree-test/wiseai-asr/audio_from_text/tts_text_0994.wav,nepali
/home/oem/wiseyak/prakanda/stree-test/wiseai-asr/audio_from_text/tts_text_0995.wav,nepali
/home/oem/wiseyak/prakanda/stree-test/wiseai-asr/audio_from_text/tts_text_0996.wav,nepali
/home/oem/wiseyak/prakanda/stree-test/wiseai-asr/audio_from_text/tts_text_0997.wav,nepali
/home/oem/wiseyak/prakanda/stree-test/wiseai-asr/audio_from_text/tts_text_0998.wav,nepali
/home/oem/wiseyak/prakanda/stree-test/wiseai-asr/audio_from_text/tts_text_0999.wav,nepali
/home/oem/wiseyak/prakanda/stree-test/wiseai-asr/audio_from_text/tts_text_1000.wav,nepali
